code,circuit,gp,raceid,position,tm,ms,lap,box,accumulated,compound,stint
ALB,Red Bull Ring,Austrian Grand Prix,1031,4,1:15.104,75104,1,,0,soft,stint_1
ALB,Red Bull Ring,Austrian Grand Prix,1031,4,1:10.362,70362,2,,75104,soft,stint_1
ALB,Red Bull Ring,Austrian Grand Prix,1031,3,1:09.579,69579,3,,145466,soft,stint_1
ALB,Red Bull Ring,Austrian Grand Prix,1031,3,1:09.853,69853,4,,215045,soft,stint_1
ALB,Red Bull Ring,Austrian Grand Prix,1031,3,1:09.412,69412,5,,284898,soft,stint_1
ALB,Red Bull Ring,Austrian Grand Prix,1031,3,1:09.525,69525,6,,354310,soft,stint_1
ALB,Red Bull Ring,Austrian Grand Prix,1031,3,1:09.808,69808,7,,423835,soft,stint_1
ALB,Red Bull Ring,Austrian Grand Prix,1031,3,1:09.649,69649,8,,493643,soft,stint_1
ALB,Red Bull Ring,Austrian Grand Prix,1031,4,1:11.677,71677,9,,563292,soft,stint_1
ALB,Red Bull Ring,Austrian Grand Prix,1031,4,1:10.495,70495,10,,634969,soft,stint_1
ALB,Red Bull Ring,Austrian Grand Prix,1031,3,1:10.097,70097,11,,705464,soft,stint_1
ALB,Red Bull Ring,Austrian Grand Prix,1031,3,1:09.883,69883,12,,775561,soft,stint_1
ALB,Red Bull Ring,Austrian Grand Prix,1031,3,1:09.752,69752,13,,845444,soft,stint_1
ALB,Red Bull Ring,Austrian Grand Prix,1031,3,1:10.010,70010,14,,915196,soft,stint_1
ALB,Red Bull Ring,Austrian Grand Prix,1031,3,1:10.108,70108,15,,985206,soft,stint_1
ALB,Red Bull Ring,Austrian Grand Prix,1031,3,1:10.082,70082,16,,1055314,soft,stint_1
ALB,Red Bull Ring,Austrian Grand Prix,1031,3,1:09.823,69823,17,,1125396,soft,stint_1
ALB,Red Bull Ring,Austrian Grand Prix,1031,3,1:09.907,69907,18,,1195219,soft,stint_1
ALB,Red Bull Ring,Austrian Grand Prix,1031,3,1:10.085,70085,19,,1265126,soft,stint_1
ALB,Red Bull Ring,Austrian Grand Prix,1031,3,1:09.947,69947,20,,1335211,soft,stint_1
ALB,Red Bull Ring,Austrian Grand Prix,1031,3,1:10.102,70102,21,,1405158,soft,stint_1
ALB,Red Bull Ring,Austrian Grand Prix,1031,3,1:09.896,69896,22,,1475260,soft,stint_1
ALB,Red Bull Ring,Austrian Grand Prix,1031,3,1:09.997,69997,23,,1545156,soft,stint_1
ALB,Red Bull Ring,Austrian Grand Prix,1031,3,1:09.935,69935,24,,1615153,soft,stint_1
ALB,Red Bull Ring,Austrian Grand Prix,1031,3,1:09.919,69919,25,,1685088,soft,stint_1
ALB,Red Bull Ring,Austrian Grand Prix,1031,3,1:27.164,87164,26,1,1755007,hard,stint_2
ALB,Red Bull Ring,Austrian Grand Prix,1031,3,1:50.964,110964,27,,1929335,hard,stint_2
ALB,Red Bull Ring,Austrian Grand Prix,1031,3,1:46.649,106649,28,,2040299,hard,stint_2
ALB,Red Bull Ring,Austrian Grand Prix,1031,3,1:55.676,115676,29,,2146948,hard,stint_2
ALB,Red Bull Ring,Austrian Grand Prix,1031,3,1:52.142,112142,30,,2262624,hard,stint_2
ALB,Red Bull Ring,Austrian Grand Prix,1031,3,1:10.050,70050,31,,2374766,hard,stint_2
ALB,Red Bull Ring,Austrian Grand Prix,1031,3,1:09.365,69365,32,,2444816,hard,stint_2
ALB,Red Bull Ring,Austrian Grand Prix,1031,3,1:09.271,69271,33,,2514181,hard,stint_2
ALB,Red Bull Ring,Austrian Grand Prix,1031,3,1:08.703,68703,34,,2583452,hard,stint_2
ALB,Red Bull Ring,Austrian Grand Prix,1031,3,1:08.618,68618,35,,2652155,hard,stint_2
ALB,Red Bull Ring,Austrian Grand Prix,1031,3,1:08.703,68703,36,,2720773,hard,stint_2
ALB,Red Bull Ring,Austrian Grand Prix,1031,3,1:08.593,68593,37,,2789476,hard,stint_2
ALB,Red Bull Ring,Austrian Grand Prix,1031,3,1:08.734,68734,38,,2858069,hard,stint_2
ALB,Red Bull Ring,Austrian Grand Prix,1031,3,1:08.722,68722,39,,2926803,hard,stint_2
ALB,Red Bull Ring,Austrian Grand Prix,1031,3,1:08.678,68678,40,,2995525,hard,stint_2
ALB,Red Bull Ring,Austrian Grand Prix,1031,3,1:08.774,68774,41,,3064203,hard,stint_2
ALB,Red Bull Ring,Austrian Grand Prix,1031,3,1:08.880,68880,42,,3132977,hard,stint_2
ALB,Red Bull Ring,Austrian Grand Prix,1031,3,1:09.007,69007,43,,3201857,hard,stint_2
ALB,Red Bull Ring,Austrian Grand Prix,1031,3,1:08.827,68827,44,,3270864,hard,stint_2
ALB,Red Bull Ring,Austrian Grand Prix,1031,3,1:09.120,69120,45,,3339691,hard,stint_2
ALB,Red Bull Ring,Austrian Grand Prix,1031,3,1:09.085,69085,46,,3408811,hard,stint_2
ALB,Red Bull Ring,Austrian Grand Prix,1031,3,1:08.743,68743,47,,3477896,hard,stint_2
ALB,Red Bull Ring,Austrian Grand Prix,1031,3,1:08.637,68637,48,,3546639,hard,stint_2
ALB,Red Bull Ring,Austrian Grand Prix,1031,3,1:08.584,68584,49,,3615276,hard,stint_2
ALB,Red Bull Ring,Austrian Grand Prix,1031,3,1:08.432,68432,50,,3683860,hard,stint_2
ALB,Red Bull Ring,Austrian Grand Prix,1031,3,1:20.622,80622,51,2,3752292,soft,stint_3
ALB,Red Bull Ring,Austrian Grand Prix,1031,4,1:49.417,109417,52,,3913536,soft,stint_3
ALB,Red Bull Ring,Austrian Grand Prix,1031,4,1:53.584,113584,53,,4022953,soft,stint_3
ALB,Red Bull Ring,Austrian Grand Prix,1031,4,1:37.290,97290,54,,4136537,soft,stint_3
ALB,Red Bull Ring,Austrian Grand Prix,1031,4,1:39.511,99511,55,,4233827,soft,stint_3
ALB,Red Bull Ring,Austrian Grand Prix,1031,4,1:54.081,114081,56,3,4333338,soft,stint_3
ALB,Red Bull Ring,Austrian Grand Prix,1031,4,1:56.349,116349,57,,4561500,soft,stint_3
ALB,Red Bull Ring,Austrian Grand Prix,1031,4,1:51.006,111006,58,,4677849,soft,stint_3
ALB,Red Bull Ring,Austrian Grand Prix,1031,3,1:41.457,101457,59,,4788855,soft,stint_3
ALB,Red Bull Ring,Austrian Grand Prix,1031,3,1:36.508,96508,60,,4890312,soft,stint_3
ALB,Red Bull Ring,Austrian Grand Prix,1031,13,1:16.768,76768,61,,4986820,soft,stint_3
ALB,Red Bull Ring,Austrian Grand Prix,1031,13,1:10.174,70174,62,,5063588,soft,stint_3
ALB,Red Bull Ring,Austrian Grand Prix,1031,13,1:09.610,69610,63,,5133762,soft,stint_3
ALB,Red Bull Ring,Austrian Grand Prix,1031,12,1:09.920,69920,64,,5203372,soft,stint_3
ALB,Red Bull Ring,Austrian Grand Prix,1031,12,1:10.521,70521,65,,5273292,soft,stint_3
ALB,Red Bull Ring,Austrian Grand Prix,1031,12,1:10.859,70859,66,,5343813,soft,stint_3
ALB,Red Bull Ring,Austrian Grand Prix,1031,11,1:10.182,70182,67,,5414672,soft,stint_3
BOT,Red Bull Ring,Austrian Grand Prix,1031,1,1:11.454,71454,1,,0,soft,stint_1
BOT,Red Bull Ring,Austrian Grand Prix,1031,1,1:09.441,69441,2,,71454,soft,stint_1
BOT,Red Bull Ring,Austrian Grand Prix,1031,1,1:09.598,69598,3,,140895,soft,stint_1
BOT,Red Bull Ring,Austrian Grand Prix,1031,1,1:09.592,69592,4,,210493,soft,stint_1
BOT,Red Bull Ring,Austrian Grand Prix,1031,1,1:09.159,69159,5,,280085,soft,stint_1
BOT,Red Bull Ring,Austrian Grand Prix,1031,1,1:09.386,69386,6,,349244,soft,stint_1
BOT,Red Bull Ring,Austrian Grand Prix,1031,1,1:09.051,69051,7,,418630,soft,stint_1
BOT,Red Bull Ring,Austrian Grand Prix,1031,1,1:09.185,69185,8,,487681,soft,stint_1
BOT,Red Bull Ring,Austrian Grand Prix,1031,1,1:09.357,69357,9,,556866,soft,stint_1
BOT,Red Bull Ring,Austrian Grand Prix,1031,1,1:09.457,69457,10,,626223,soft,stint_1
BOT,Red Bull Ring,Austrian Grand Prix,1031,1,1:09.407,69407,11,,695680,soft,stint_1
BOT,Red Bull Ring,Austrian Grand Prix,1031,1,1:09.649,69649,12,,765087,soft,stint_1
BOT,Red Bull Ring,Austrian Grand Prix,1031,1,1:09.333,69333,13,,834736,soft,stint_1
BOT,Red Bull Ring,Austrian Grand Prix,1031,1,1:09.547,69547,14,,904069,soft,stint_1
BOT,Red Bull Ring,Austrian Grand Prix,1031,1,1:09.300,69300,15,,973616,soft,stint_1
BOT,Red Bull Ring,Austrian Grand Prix,1031,1,1:09.417,69417,16,,1042916,soft,stint_1
BOT,Red Bull Ring,Austrian Grand Prix,1031,1,1:09.224,69224,17,,1112333,soft,stint_1
BOT,Red Bull Ring,Austrian Grand Prix,1031,1,1:09.049,69049,18,,1181557,soft,stint_1
BOT,Red Bull Ring,Austrian Grand Prix,1031,1,1:09.260,69260,19,,1250606,soft,stint_1
BOT,Red Bull Ring,Austrian Grand Prix,1031,1,1:09.512,69512,20,,1319866,soft,stint_1
BOT,Red Bull Ring,Austrian Grand Prix,1031,1,1:09.699,69699,21,,1389378,soft,stint_1
BOT,Red Bull Ring,Austrian Grand Prix,1031,1,1:09.847,69847,22,,1459077,soft,stint_1
BOT,Red Bull Ring,Austrian Grand Prix,1031,1,1:09.617,69617,23,,1528924,soft,stint_1
BOT,Red Bull Ring,Austrian Grand Prix,1031,1,1:10.405,70405,24,,1598541,soft,stint_1
BOT,Red Bull Ring,Austrian Grand Prix,1031,1,1:10.149,70149,25,,1668946,soft,stint_1
BOT,Red Bull Ring,Austrian Grand Prix,1031,1,1:24.118,84118,26,1,1739095,hard,stint_2
BOT,Red Bull Ring,Austrian Grand Prix,1031,1,2:02.933,122933,27,,1907331,hard,stint_2
BOT,Red Bull Ring,Austrian Grand Prix,1031,1,1:50.849,110849,28,,2030264,hard,stint_2
BOT,Red Bull Ring,Austrian Grand Prix,1031,1,1:55.283,115283,29,,2141113,hard,stint_2
BOT,Red Bull Ring,Austrian Grand Prix,1031,1,1:53.743,113743,30,,2256396,hard,stint_2
BOT,Red Bull Ring,Austrian Grand Prix,1031,1,1:08.736,68736,31,,2370139,hard,stint_2
BOT,Red Bull Ring,Austrian Grand Prix,1031,1,1:08.733,68733,32,,2438875,hard,stint_2
BOT,Red Bull Ring,Austrian Grand Prix,1031,1,1:08.520,68520,33,,2507608,hard,stint_2
BOT,Red Bull Ring,Austrian Grand Prix,1031,1,1:08.524,68524,34,,2576128,hard,stint_2
BOT,Red Bull Ring,Austrian Grand Prix,1031,1,1:08.433,68433,35,,2644652,hard,stint_2
BOT,Red Bull Ring,Austrian Grand Prix,1031,1,1:08.260,68260,36,,2713085,hard,stint_2
BOT,Red Bull Ring,Austrian Grand Prix,1031,1,1:08.194,68194,37,,2781345,hard,stint_2
BOT,Red Bull Ring,Austrian Grand Prix,1031,1,1:08.235,68235,38,,2849539,hard,stint_2
BOT,Red Bull Ring,Austrian Grand Prix,1031,1,1:08.303,68303,39,,2917774,hard,stint_2
BOT,Red Bull Ring,Austrian Grand Prix,1031,1,1:08.131,68131,40,,2986077,hard,stint_2
BOT,Red Bull Ring,Austrian Grand Prix,1031,1,1:08.142,68142,41,,3054208,hard,stint_2
BOT,Red Bull Ring,Austrian Grand Prix,1031,1,1:08.272,68272,42,,3122350,hard,stint_2
BOT,Red Bull Ring,Austrian Grand Prix,1031,1,1:08.472,68472,43,,3190622,hard,stint_2
BOT,Red Bull Ring,Austrian Grand Prix,1031,1,1:08.322,68322,44,,3259094,hard,stint_2
BOT,Red Bull Ring,Austrian Grand Prix,1031,1,1:08.231,68231,45,,3327416,hard,stint_2
BOT,Red Bull Ring,Austrian Grand Prix,1031,1,1:08.462,68462,46,,3395647,hard,stint_2
BOT,Red Bull Ring,Austrian Grand Prix,1031,1,1:08.421,68421,47,,3464109,hard,stint_2
BOT,Red Bull Ring,Austrian Grand Prix,1031,1,1:08.279,68279,48,,3532530,hard,stint_2
BOT,Red Bull Ring,Austrian Grand Prix,1031,1,1:08.422,68422,49,,3600809,hard,stint_2
BOT,Red Bull Ring,Austrian Grand Prix,1031,1,1:08.351,68351,50,,3669231,hard,stint_2
BOT,Red Bull Ring,Austrian Grand Prix,1031,1,1:15.384,75384,51,,3737582,hard,stint_2
BOT,Red Bull Ring,Austrian Grand Prix,1031,1,1:55.395,115395,52,,3812966,hard,stint_2
BOT,Red Bull Ring,Austrian Grand Prix,1031,1,2:00.100,120100,53,,3928361,hard,stint_2
BOT,Red Bull Ring,Austrian Grand Prix,1031,1,1:40.093,100093,54,,4048461,hard,stint_2
BOT,Red Bull Ring,Austrian Grand Prix,1031,1,1:36.079,96079,55,,4148554,hard,stint_2
BOT,Red Bull Ring,Austrian Grand Prix,1031,1,1:54.808,114808,56,2,4244633,hard,stint_2
BOT,Red Bull Ring,Austrian Grand Prix,1031,1,1:57.837,117837,57,,4474249,hard,stint_2
BOT,Red Bull Ring,Austrian Grand Prix,1031,1,1:49.815,109815,58,,4592086,hard,stint_2
BOT,Red Bull Ring,Austrian Grand Prix,1031,1,1:42.625,102625,59,,4701901,hard,stint_2
BOT,Red Bull Ring,Austrian Grand Prix,1031,1,1:38.546,98546,60,,4804526,hard,stint_2
BOT,Red Bull Ring,Austrian Grand Prix,1031,1,1:08.204,68204,61,,4903072,hard,stint_2
BOT,Red Bull Ring,Austrian Grand Prix,1031,1,1:08.378,68378,62,,4971276,hard,stint_2
BOT,Red Bull Ring,Austrian Grand Prix,1031,1,1:08.062,68062,63,,5039654,hard,stint_2
BOT,Red Bull Ring,Austrian Grand Prix,1031,1,1:08.174,68174,64,,5107716,hard,stint_2
BOT,Red Bull Ring,Austrian Grand Prix,1031,1,1:08.238,68238,65,,5175890,hard,stint_2
BOT,Red Bull Ring,Austrian Grand Prix,1031,1,1:08.199,68199,66,,5244128,hard,stint_2
BOT,Red Bull Ring,Austrian Grand Prix,1031,1,1:08.023,68023,67,,5312327,hard,stint_2
BOT,Red Bull Ring,Austrian Grand Prix,1031,1,1:07.657,67657,68,,5380350,hard,stint_2
BOT,Red Bull Ring,Austrian Grand Prix,1031,1,1:10.046,70046,69,,5448007,hard,stint_2
BOT,Red Bull Ring,Austrian Grand Prix,1031,1,1:08.200,68200,70,,5518053,hard,stint_2
BOT,Red Bull Ring,Austrian Grand Prix,1031,1,1:08.412,68412,71,,5586253,hard,stint_2
GAS,Red Bull Ring,Austrian Grand Prix,1031,12,1:19.106,79106,1,,0,medium,stint_1
GAS,Red Bull Ring,Austrian Grand Prix,1031,12,1:12.412,72412,2,,79106,medium,stint_1
GAS,Red Bull Ring,Austrian Grand Prix,1031,12,1:11.311,71311,3,,151518,medium,stint_1
GAS,Red Bull Ring,Austrian Grand Prix,1031,12,1:10.725,70725,4,,222829,medium,stint_1
GAS,Red Bull Ring,Austrian Grand Prix,1031,12,1:11.511,71511,5,,293554,medium,stint_1
GAS,Red Bull Ring,Austrian Grand Prix,1031,12,1:12.028,72028,6,,365065,medium,stint_1
GAS,Red Bull Ring,Austrian Grand Prix,1031,12,1:11.173,71173,7,,437093,medium,stint_1
GAS,Red Bull Ring,Austrian Grand Prix,1031,12,1:10.912,70912,8,,508266,medium,stint_1
GAS,Red Bull Ring,Austrian Grand Prix,1031,12,1:10.902,70902,9,,579178,medium,stint_1
GAS,Red Bull Ring,Austrian Grand Prix,1031,12,1:11.031,71031,10,,650080,medium,stint_1
GAS,Red Bull Ring,Austrian Grand Prix,1031,11,1:11.089,71089,11,,721111,medium,stint_1
GAS,Red Bull Ring,Austrian Grand Prix,1031,11,1:11.069,71069,12,,792200,medium,stint_1
GAS,Red Bull Ring,Austrian Grand Prix,1031,11,1:10.897,70897,13,,863269,medium,stint_1
GAS,Red Bull Ring,Austrian Grand Prix,1031,11,1:10.827,70827,14,,934166,medium,stint_1
GAS,Red Bull Ring,Austrian Grand Prix,1031,11,1:10.970,70970,15,,1004993,medium,stint_1
GAS,Red Bull Ring,Austrian Grand Prix,1031,11,1:10.953,70953,16,,1075963,medium,stint_1
GAS,Red Bull Ring,Austrian Grand Prix,1031,10,1:10.762,70762,17,,1146916,medium,stint_1
GAS,Red Bull Ring,Austrian Grand Prix,1031,10,1:10.844,70844,18,,1217678,medium,stint_1
GAS,Red Bull Ring,Austrian Grand Prix,1031,9,1:10.712,70712,19,,1288522,medium,stint_1
GAS,Red Bull Ring,Austrian Grand Prix,1031,9,1:10.939,70939,20,,1359234,medium,stint_1
GAS,Red Bull Ring,Austrian Grand Prix,1031,9,1:10.733,70733,21,,1430173,medium,stint_1
GAS,Red Bull Ring,Austrian Grand Prix,1031,9,1:10.535,70535,22,,1500906,medium,stint_1
GAS,Red Bull Ring,Austrian Grand Prix,1031,9,1:10.672,70672,23,,1571441,medium,stint_1
GAS,Red Bull Ring,Austrian Grand Prix,1031,9,1:10.568,70568,24,,1642113,medium,stint_1
GAS,Red Bull Ring,Austrian Grand Prix,1031,9,1:10.610,70610,25,,1712681,medium,stint_1
GAS,Red Bull Ring,Austrian Grand Prix,1031,9,1:35.769,95769,26,1,1783291,hard,stint_2
GAS,Red Bull Ring,Austrian Grand Prix,1031,9,1:49.983,109983,27,,1974829,hard,stint_2
GAS,Red Bull Ring,Austrian Grand Prix,1031,9,1:21.920,81920,28,,2084812,hard,stint_2
GAS,Red Bull Ring,Austrian Grand Prix,1031,9,1:54.011,114011,29,,2166732,hard,stint_2
GAS,Red Bull Ring,Austrian Grand Prix,1031,9,1:45.599,105599,30,,2280743,hard,stint_2
GAS,Red Bull Ring,Austrian Grand Prix,1031,8,1:11.099,71099,31,,2386342,hard,stint_2
GAS,Red Bull Ring,Austrian Grand Prix,1031,8,1:10.283,70283,32,,2457441,hard,stint_2
GAS,Red Bull Ring,Austrian Grand Prix,1031,8,1:09.999,69999,33,,2527724,hard,stint_2
GAS,Red Bull Ring,Austrian Grand Prix,1031,8,1:09.628,69628,34,,2597723,hard,stint_2
GAS,Red Bull Ring,Austrian Grand Prix,1031,8,1:09.952,69952,35,,2667351,hard,stint_2
GAS,Red Bull Ring,Austrian Grand Prix,1031,8,1:09.969,69969,36,,2737303,hard,stint_2
GAS,Red Bull Ring,Austrian Grand Prix,1031,8,1:09.864,69864,37,,2807272,hard,stint_2
GAS,Red Bull Ring,Austrian Grand Prix,1031,8,1:09.576,69576,38,,2877136,hard,stint_2
GAS,Red Bull Ring,Austrian Grand Prix,1031,8,1:09.839,69839,39,,2946712,hard,stint_2
GAS,Red Bull Ring,Austrian Grand Prix,1031,8,1:09.821,69821,40,,3016551,hard,stint_2
GAS,Red Bull Ring,Austrian Grand Prix,1031,8,1:09.813,69813,41,,3086372,hard,stint_2
GAS,Red Bull Ring,Austrian Grand Prix,1031,8,1:09.805,69805,42,,3156185,hard,stint_2
GAS,Red Bull Ring,Austrian Grand Prix,1031,8,1:09.595,69595,43,,3225990,hard,stint_2
GAS,Red Bull Ring,Austrian Grand Prix,1031,8,1:09.821,69821,44,,3295585,hard,stint_2
GAS,Red Bull Ring,Austrian Grand Prix,1031,8,1:10.115,70115,45,,3365406,hard,stint_2
GAS,Red Bull Ring,Austrian Grand Prix,1031,8,1:09.646,69646,46,,3435521,hard,stint_2
GAS,Red Bull Ring,Austrian Grand Prix,1031,8,1:09.453,69453,47,,3505167,hard,stint_2
GAS,Red Bull Ring,Austrian Grand Prix,1031,8,1:09.429,69429,48,,3574620,hard,stint_2
GAS,Red Bull Ring,Austrian Grand Prix,1031,8,1:09.370,69370,49,,3644049,hard,stint_2
GAS,Red Bull Ring,Austrian Grand Prix,1031,8,1:09.370,69370,50,,3713419,hard,stint_2
GAS,Red Bull Ring,Austrian Grand Prix,1031,8,1:28.958,88958,51,,3782789,hard,stint_2
GAS,Red Bull Ring,Austrian Grand Prix,1031,8,1:34.649,94649,52,,3871747,hard,stint_2
GAS,Red Bull Ring,Austrian Grand Prix,1031,7,1:43.812,103812,53,,3966396,hard,stint_2
GAS,Red Bull Ring,Austrian Grand Prix,1031,7,1:33.431,93431,54,,4070208,hard,stint_2
GAS,Red Bull Ring,Austrian Grand Prix,1031,7,1:41.284,101284,55,,4163639,hard,stint_2
GAS,Red Bull Ring,Austrian Grand Prix,1031,7,1:55.497,115497,56,2,4264923,hard,stint_2
GAS,Red Bull Ring,Austrian Grand Prix,1031,7,1:55.197,115197,57,,4495917,hard,stint_2
GAS,Red Bull Ring,Austrian Grand Prix,1031,7,1:50.947,110947,58,,4611114,hard,stint_2
GAS,Red Bull Ring,Austrian Grand Prix,1031,7,1:43.204,103204,59,,4722061,hard,stint_2
GAS,Red Bull Ring,Austrian Grand Prix,1031,7,1:32.585,92585,60,,4825265,hard,stint_2
GAS,Red Bull Ring,Austrian Grand Prix,1031,6,1:10.672,70672,61,,4917850,hard,stint_2
GAS,Red Bull Ring,Austrian Grand Prix,1031,7,1:10.370,70370,62,,4988522,hard,stint_2
GAS,Red Bull Ring,Austrian Grand Prix,1031,7,1:09.341,69341,63,,5058892,hard,stint_2
GAS,Red Bull Ring,Austrian Grand Prix,1031,7,1:09.025,69025,64,,5128233,hard,stint_2
GAS,Red Bull Ring,Austrian Grand Prix,1031,7,1:09.359,69359,65,,5197258,hard,stint_2
GAS,Red Bull Ring,Austrian Grand Prix,1031,7,1:09.943,69943,66,,5266617,hard,stint_2
GAS,Red Bull Ring,Austrian Grand Prix,1031,7,1:09.521,69521,67,,5336560,hard,stint_2
GAS,Red Bull Ring,Austrian Grand Prix,1031,7,1:09.361,69361,68,,5406081,hard,stint_2
GAS,Red Bull Ring,Austrian Grand Prix,1031,7,1:09.484,69484,69,,5475442,hard,stint_2
GAS,Red Bull Ring,Austrian Grand Prix,1031,7,1:09.121,69121,70,,5544926,hard,stint_2
GAS,Red Bull Ring,Austrian Grand Prix,1031,7,1:09.640,69640,71,,5614047,hard,stint_2
GIO,Red Bull Ring,Austrian Grand Prix,1031,14,1:20.013,80013,1,,0,medium,stint_1
GIO,Red Bull Ring,Austrian Grand Prix,1031,14,1:12.959,72959,2,,80013,medium,stint_1
GIO,Red Bull Ring,Austrian Grand Prix,1031,14,1:11.633,71633,3,,152972,medium,stint_1
GIO,Red Bull Ring,Austrian Grand Prix,1031,14,1:11.482,71482,4,,224605,medium,stint_1
GIO,Red Bull Ring,Austrian Grand Prix,1031,14,1:11.848,71848,5,,296087,medium,stint_1
GIO,Red Bull Ring,Austrian Grand Prix,1031,15,1:12.479,72479,6,,367935,medium,stint_1
GIO,Red Bull Ring,Austrian Grand Prix,1031,15,1:11.830,71830,7,,440414,medium,stint_1
GIO,Red Bull Ring,Austrian Grand Prix,1031,15,1:11.584,71584,8,,512244,medium,stint_1
GIO,Red Bull Ring,Austrian Grand Prix,1031,15,1:11.583,71583,9,,583828,medium,stint_1
GIO,Red Bull Ring,Austrian Grand Prix,1031,15,1:11.654,71654,10,,655411,medium,stint_1
GIO,Red Bull Ring,Austrian Grand Prix,1031,14,1:11.860,71860,11,,727065,medium,stint_1
GIO,Red Bull Ring,Austrian Grand Prix,1031,14,1:11.451,71451,12,,798925,medium,stint_1
GIO,Red Bull Ring,Austrian Grand Prix,1031,14,1:11.483,71483,13,,870376,medium,stint_1
GIO,Red Bull Ring,Austrian Grand Prix,1031,14,1:10.987,70987,14,,941859,medium,stint_1
GIO,Red Bull Ring,Austrian Grand Prix,1031,15,1:12.546,72546,15,,1012846,medium,stint_1
GIO,Red Bull Ring,Austrian Grand Prix,1031,15,1:11.406,71406,16,,1085392,medium,stint_1
GIO,Red Bull Ring,Austrian Grand Prix,1031,14,1:11.093,71093,17,,1156798,medium,stint_1
GIO,Red Bull Ring,Austrian Grand Prix,1031,15,1:12.451,72451,18,,1227891,medium,stint_1
GIO,Red Bull Ring,Austrian Grand Prix,1031,15,1:11.027,71027,19,,1300342,medium,stint_1
GIO,Red Bull Ring,Austrian Grand Prix,1031,15,1:11.030,71030,20,,1371369,medium,stint_1
GIO,Red Bull Ring,Austrian Grand Prix,1031,14,1:11.165,71165,21,,1442399,medium,stint_1
GIO,Red Bull Ring,Austrian Grand Prix,1031,14,1:10.867,70867,22,,1513564,medium,stint_1
GIO,Red Bull Ring,Austrian Grand Prix,1031,14,1:10.902,70902,23,,1584431,medium,stint_1
GIO,Red Bull Ring,Austrian Grand Prix,1031,13,1:10.971,70971,24,,1655333,medium,stint_1
GIO,Red Bull Ring,Austrian Grand Prix,1031,12,1:18.971,78971,25,1,1726304,hard,stint_2
GIO,Red Bull Ring,Austrian Grand Prix,1031,12,2:17.383,137383,26,,1884246,hard,stint_2
GIO,Red Bull Ring,Austrian Grand Prix,1031,12,1:24.006,84006,27,,2021629,hard,stint_2
GIO,Red Bull Ring,Austrian Grand Prix,1031,12,1:13.014,73014,28,,2105635,hard,stint_2
GIO,Red Bull Ring,Austrian Grand Prix,1031,12,1:29.540,89540,29,,2178649,hard,stint_2
GIO,Red Bull Ring,Austrian Grand Prix,1031,12,1:43.562,103562,30,,2268189,hard,stint_2
GIO,Red Bull Ring,Austrian Grand Prix,1031,11,1:11.026,71026,31,,2371751,hard,stint_2
GIO,Red Bull Ring,Austrian Grand Prix,1031,11,1:10.785,70785,32,,2442777,hard,stint_2
GIO,Red Bull Ring,Austrian Grand Prix,1031,11,1:10.152,70152,33,,2513562,hard,stint_2
GIO,Red Bull Ring,Austrian Grand Prix,1031,11,1:10.073,70073,34,,2583714,hard,stint_2
GIO,Red Bull Ring,Austrian Grand Prix,1031,11,1:10.300,70300,35,,2653787,hard,stint_2
GIO,Red Bull Ring,Austrian Grand Prix,1031,11,1:10.412,70412,36,,2724087,hard,stint_2
GIO,Red Bull Ring,Austrian Grand Prix,1031,11,1:10.325,70325,37,,2794499,hard,stint_2
GIO,Red Bull Ring,Austrian Grand Prix,1031,11,1:10.150,70150,38,,2864824,hard,stint_2
GIO,Red Bull Ring,Austrian Grand Prix,1031,11,1:10.111,70111,39,,2934974,hard,stint_2
GIO,Red Bull Ring,Austrian Grand Prix,1031,11,1:10.321,70321,40,,3005085,hard,stint_2
GIO,Red Bull Ring,Austrian Grand Prix,1031,11,1:09.992,69992,41,,3075406,hard,stint_2
GIO,Red Bull Ring,Austrian Grand Prix,1031,11,1:09.939,69939,42,,3145398,hard,stint_2
GIO,Red Bull Ring,Austrian Grand Prix,1031,11,1:09.654,69654,43,,3215337,hard,stint_2
GIO,Red Bull Ring,Austrian Grand Prix,1031,11,1:09.830,69830,44,,3284991,hard,stint_2
GIO,Red Bull Ring,Austrian Grand Prix,1031,11,1:09.894,69894,45,,3354821,hard,stint_2
GIO,Red Bull Ring,Austrian Grand Prix,1031,11,1:09.525,69525,46,,3424715,hard,stint_2
GIO,Red Bull Ring,Austrian Grand Prix,1031,11,1:09.211,69211,47,,3494240,hard,stint_2
GIO,Red Bull Ring,Austrian Grand Prix,1031,11,1:09.436,69436,48,,3563451,hard,stint_2
GIO,Red Bull Ring,Austrian Grand Prix,1031,11,1:09.372,69372,49,,3632887,hard,stint_2
GIO,Red Bull Ring,Austrian Grand Prix,1031,11,1:09.232,69232,50,,3702259,hard,stint_2
GIO,Red Bull Ring,Austrian Grand Prix,1031,11,1:28.519,88519,51,,3771491,hard,stint_2
GIO,Red Bull Ring,Austrian Grand Prix,1031,10,1:35.510,95510,52,,3860010,hard,stint_2
GIO,Red Bull Ring,Austrian Grand Prix,1031,10,1:40.907,100907,53,,3955520,hard,stint_2
GIO,Red Bull Ring,Austrian Grand Prix,1031,10,1:31.917,91917,54,,4056427,hard,stint_2
GIO,Red Bull Ring,Austrian Grand Prix,1031,10,1:41.434,101434,55,2,4148344,soft,stint_3
GIO,Red Bull Ring,Austrian Grand Prix,1031,13,2:02.702,122702,56,3,4351212,soft,stint_3
GIO,Red Bull Ring,Austrian Grand Prix,1031,13,1:52.419,112419,57,,4596616,soft,stint_3
GIO,Red Bull Ring,Austrian Grand Prix,1031,13,1:50.349,110349,58,,4709035,soft,stint_3
GIO,Red Bull Ring,Austrian Grand Prix,1031,13,1:44.390,104390,59,,4819384,soft,stint_3
GIO,Red Bull Ring,Austrian Grand Prix,1031,13,1:28.209,88209,60,,4923774,soft,stint_3
GIO,Red Bull Ring,Austrian Grand Prix,1031,11,1:11.187,71187,61,,5011983,soft,stint_3
GIO,Red Bull Ring,Austrian Grand Prix,1031,11,1:10.533,70533,62,,5083170,soft,stint_3
GIO,Red Bull Ring,Austrian Grand Prix,1031,10,1:09.235,69235,63,,5153703,soft,stint_3
GIO,Red Bull Ring,Austrian Grand Prix,1031,10,1:10.749,70749,64,,5222938,soft,stint_3
GIO,Red Bull Ring,Austrian Grand Prix,1031,10,1:10.404,70404,65,,5293687,soft,stint_3
GIO,Red Bull Ring,Austrian Grand Prix,1031,10,1:10.726,70726,66,,5364091,soft,stint_3
GIO,Red Bull Ring,Austrian Grand Prix,1031,9,1:08.893,68893,67,,5434817,soft,stint_3
GIO,Red Bull Ring,Austrian Grand Prix,1031,9,1:09.141,69141,68,,5503710,soft,stint_3
GIO,Red Bull Ring,Austrian Grand Prix,1031,9,1:09.167,69167,69,,5572851,soft,stint_3
GIO,Red Bull Ring,Austrian Grand Prix,1031,9,1:08.796,68796,70,,5642018,soft,stint_3
GIO,Red Bull Ring,Austrian Grand Prix,1031,9,1:09.178,69178,71,,5710814,soft,stint_3
GRO,Red Bull Ring,Austrian Grand Prix,1031,18,1:21.365,81365,1,,0,medium,stint_1
GRO,Red Bull Ring,Austrian Grand Prix,1031,18,1:13.534,73534,2,,81365,medium,stint_1
GRO,Red Bull Ring,Austrian Grand Prix,1031,18,1:12.183,72183,3,,154899,medium,stint_1
GRO,Red Bull Ring,Austrian Grand Prix,1031,18,1:11.576,71576,4,,227082,medium,stint_1
GRO,Red Bull Ring,Austrian Grand Prix,1031,18,1:11.829,71829,5,,298658,medium,stint_1
GRO,Red Bull Ring,Austrian Grand Prix,1031,18,1:11.868,71868,6,,370487,medium,stint_1
GRO,Red Bull Ring,Austrian Grand Prix,1031,18,1:11.904,71904,7,,442355,medium,stint_1
GRO,Red Bull Ring,Austrian Grand Prix,1031,18,1:12.008,72008,8,,514259,medium,stint_1
GRO,Red Bull Ring,Austrian Grand Prix,1031,18,1:11.829,71829,9,,586267,medium,stint_1
GRO,Red Bull Ring,Austrian Grand Prix,1031,18,1:11.843,71843,10,,658096,medium,stint_1
GRO,Red Bull Ring,Austrian Grand Prix,1031,17,1:11.891,71891,11,,729939,medium,stint_1
GRO,Red Bull Ring,Austrian Grand Prix,1031,17,1:11.615,71615,12,,801830,medium,stint_1
GRO,Red Bull Ring,Austrian Grand Prix,1031,17,1:11.706,71706,13,,873445,medium,stint_1
GRO,Red Bull Ring,Austrian Grand Prix,1031,17,1:11.437,71437,14,,945151,medium,stint_1
GRO,Red Bull Ring,Austrian Grand Prix,1031,17,1:11.377,71377,15,,1016588,medium,stint_1
GRO,Red Bull Ring,Austrian Grand Prix,1031,17,1:11.224,71224,16,,1087965,medium,stint_1
GRO,Red Bull Ring,Austrian Grand Prix,1031,16,1:11.554,71554,17,,1159189,medium,stint_1
GRO,Red Bull Ring,Austrian Grand Prix,1031,16,1:11.526,71526,18,,1230743,medium,stint_1
GRO,Red Bull Ring,Austrian Grand Prix,1031,16,1:11.243,71243,19,,1302269,medium,stint_1
GRO,Red Bull Ring,Austrian Grand Prix,1031,18,1:25.870,85870,20,1,1373512,medium,stint_1
GRO,Red Bull Ring,Austrian Grand Prix,1031,17,1:32.297,92297,21,,1459382,medium,stint_1
GRO,Red Bull Ring,Austrian Grand Prix,1031,17,1:12.924,72924,22,,1551679,medium,stint_1
GRO,Red Bull Ring,Austrian Grand Prix,1031,17,1:14.399,74399,23,,1624603,medium,stint_1
GRO,Red Bull Ring,Austrian Grand Prix,1031,17,1:11.061,71061,24,,1699002,medium,stint_1
GRO,Red Bull Ring,Austrian Grand Prix,1031,16,1:31.223,91223,25,,1770063,medium,stint_1
GRO,Red Bull Ring,Austrian Grand Prix,1031,16,1:35.554,95554,26,,1861286,medium,stint_1
GRO,Red Bull Ring,Austrian Grand Prix,1031,15,1:44.706,104706,27,,1956840,medium,stint_1
GRO,Red Bull Ring,Austrian Grand Prix,1031,15,1:32.143,92143,28,,2061546,medium,stint_1
GRO,Red Bull Ring,Austrian Grand Prix,1031,15,1:11.366,71366,29,,2153689,medium,stint_1
GRO,Red Bull Ring,Austrian Grand Prix,1031,15,1:11.083,71083,30,,2225055,medium,stint_1
GRO,Red Bull Ring,Austrian Grand Prix,1031,14,1:11.070,71070,31,,2296138,medium,stint_1
GRO,Red Bull Ring,Austrian Grand Prix,1031,14,1:10.909,70909,32,,2367208,medium,stint_1
GRO,Red Bull Ring,Austrian Grand Prix,1031,14,1:11.264,71264,33,,2438117,medium,stint_1
GRO,Red Bull Ring,Austrian Grand Prix,1031,14,1:10.376,70376,34,,2509381,medium,stint_1
GRO,Red Bull Ring,Austrian Grand Prix,1031,14,1:10.726,70726,35,,2579757,medium,stint_1
GRO,Red Bull Ring,Austrian Grand Prix,1031,15,1:12.430,72430,36,,2650483,medium,stint_1
GRO,Red Bull Ring,Austrian Grand Prix,1031,15,1:10.681,70681,37,,2722913,medium,stint_1
GRO,Red Bull Ring,Austrian Grand Prix,1031,15,1:10.403,70403,38,,2793594,medium,stint_1
GRO,Red Bull Ring,Austrian Grand Prix,1031,15,1:10.940,70940,39,,2863997,medium,stint_1
GRO,Red Bull Ring,Austrian Grand Prix,1031,15,1:10.567,70567,40,,2934937,medium,stint_1
GRO,Red Bull Ring,Austrian Grand Prix,1031,15,1:10.342,70342,41,,3005504,medium,stint_1
GRO,Red Bull Ring,Austrian Grand Prix,1031,15,1:10.339,70339,42,,3075846,medium,stint_1
GRO,Red Bull Ring,Austrian Grand Prix,1031,15,1:10.305,70305,43,,3146185,medium,stint_1
GRO,Red Bull Ring,Austrian Grand Prix,1031,15,1:10.360,70360,44,,3216490,medium,stint_1
GRO,Red Bull Ring,Austrian Grand Prix,1031,15,1:10.476,70476,45,,3286850,medium,stint_1
GRO,Red Bull Ring,Austrian Grand Prix,1031,15,1:10.228,70228,46,,3357326,medium,stint_1
GRO,Red Bull Ring,Austrian Grand Prix,1031,15,1:10.261,70261,47,,3427554,medium,stint_1
GRO,Red Bull Ring,Austrian Grand Prix,1031,15,1:11.175,71175,48,,3497815,medium,stint_1
GRO,Red Bull Ring,Austrian Grand Prix,1031,16,2:06.287,126287,49,,3568990,medium,stint_1
HAM,Red Bull Ring,Austrian Grand Prix,1031,5,1:15.627,75627,1,,0,soft,stint_1
HAM,Red Bull Ring,Austrian Grand Prix,1031,5,1:10.550,70550,2,,75627,soft,stint_1
HAM,Red Bull Ring,Austrian Grand Prix,1031,5,1:10.362,70362,3,,146177,soft,stint_1
HAM,Red Bull Ring,Austrian Grand Prix,1031,4,1:09.340,69340,4,,216539,soft,stint_1
HAM,Red Bull Ring,Austrian Grand Prix,1031,4,1:09.461,69461,5,,285879,soft,stint_1
HAM,Red Bull Ring,Austrian Grand Prix,1031,4,1:09.294,69294,6,,355340,soft,stint_1
HAM,Red Bull Ring,Austrian Grand Prix,1031,4,1:09.701,69701,7,,424634,soft,stint_1
HAM,Red Bull Ring,Austrian Grand Prix,1031,4,1:09.796,69796,8,,494335,soft,stint_1
HAM,Red Bull Ring,Austrian Grand Prix,1031,3,1:09.547,69547,9,,564131,soft,stint_1
HAM,Red Bull Ring,Austrian Grand Prix,1031,3,1:09.683,69683,10,,633678,soft,stint_1
HAM,Red Bull Ring,Austrian Grand Prix,1031,2,1:09.581,69581,11,,703361,soft,stint_1
HAM,Red Bull Ring,Austrian Grand Prix,1031,2,1:09.586,69586,12,,772942,soft,stint_1
HAM,Red Bull Ring,Austrian Grand Prix,1031,2,1:09.123,69123,13,,842528,soft,stint_1
HAM,Red Bull Ring,Austrian Grand Prix,1031,2,1:09.233,69233,14,,911651,soft,stint_1
HAM,Red Bull Ring,Austrian Grand Prix,1031,2,1:09.184,69184,15,,980884,soft,stint_1
HAM,Red Bull Ring,Austrian Grand Prix,1031,2,1:09.142,69142,16,,1050068,soft,stint_1
HAM,Red Bull Ring,Austrian Grand Prix,1031,2,1:09.046,69046,17,,1119210,soft,stint_1
HAM,Red Bull Ring,Austrian Grand Prix,1031,2,1:09.076,69076,18,,1188256,soft,stint_1
HAM,Red Bull Ring,Austrian Grand Prix,1031,2,1:09.131,69131,19,,1257332,soft,stint_1
HAM,Red Bull Ring,Austrian Grand Prix,1031,2,1:09.000,69000,20,,1326463,soft,stint_1
HAM,Red Bull Ring,Austrian Grand Prix,1031,2,1:09.340,69340,21,,1395463,soft,stint_1
HAM,Red Bull Ring,Austrian Grand Prix,1031,2,1:09.326,69326,22,,1464803,soft,stint_1
HAM,Red Bull Ring,Austrian Grand Prix,1031,2,1:09.356,69356,23,,1534129,soft,stint_1
HAM,Red Bull Ring,Austrian Grand Prix,1031,2,1:09.342,69342,24,,1603485,soft,stint_1
HAM,Red Bull Ring,Austrian Grand Prix,1031,2,1:09.510,69510,25,,1672827,soft,stint_1
HAM,Red Bull Ring,Austrian Grand Prix,1031,2,1:28.502,88502,26,1,1742337,hard,stint_2
HAM,Red Bull Ring,Austrian Grand Prix,1031,2,1:56.918,116918,27,,1919341,hard,stint_2
HAM,Red Bull Ring,Austrian Grand Prix,1031,2,1:50.801,110801,28,,2036259,hard,stint_2
HAM,Red Bull Ring,Austrian Grand Prix,1031,2,1:55.666,115666,29,,2147060,hard,stint_2
HAM,Red Bull Ring,Austrian Grand Prix,1031,2,1:52.528,112528,30,,2262726,hard,stint_2
HAM,Red Bull Ring,Austrian Grand Prix,1031,2,1:09.031,69031,31,,2375254,hard,stint_2
HAM,Red Bull Ring,Austrian Grand Prix,1031,2,1:08.750,68750,32,,2444285,hard,stint_2
HAM,Red Bull Ring,Austrian Grand Prix,1031,2,1:08.684,68684,33,,2513035,hard,stint_2
HAM,Red Bull Ring,Austrian Grand Prix,1031,2,1:08.258,68258,34,,2581719,hard,stint_2
HAM,Red Bull Ring,Austrian Grand Prix,1031,2,1:08.389,68389,35,,2649977,hard,stint_2
HAM,Red Bull Ring,Austrian Grand Prix,1031,2,1:08.164,68164,36,,2718366,hard,stint_2
HAM,Red Bull Ring,Austrian Grand Prix,1031,2,1:08.243,68243,37,,2786530,hard,stint_2
HAM,Red Bull Ring,Austrian Grand Prix,1031,2,1:08.434,68434,38,,2854773,hard,stint_2
HAM,Red Bull Ring,Austrian Grand Prix,1031,2,1:08.256,68256,39,,2923207,hard,stint_2
HAM,Red Bull Ring,Austrian Grand Prix,1031,2,1:08.058,68058,40,,2991463,hard,stint_2
HAM,Red Bull Ring,Austrian Grand Prix,1031,2,1:08.147,68147,41,,3059521,hard,stint_2
HAM,Red Bull Ring,Austrian Grand Prix,1031,2,1:08.115,68115,42,,3127668,hard,stint_2
HAM,Red Bull Ring,Austrian Grand Prix,1031,2,1:08.369,68369,43,,3195783,hard,stint_2
HAM,Red Bull Ring,Austrian Grand Prix,1031,2,1:08.598,68598,44,,3264152,hard,stint_2
HAM,Red Bull Ring,Austrian Grand Prix,1031,2,1:08.467,68467,45,,3332750,hard,stint_2
HAM,Red Bull Ring,Austrian Grand Prix,1031,2,1:08.812,68812,46,,3401217,hard,stint_2
HAM,Red Bull Ring,Austrian Grand Prix,1031,2,1:08.457,68457,47,,3470029,hard,stint_2
HAM,Red Bull Ring,Austrian Grand Prix,1031,2,1:08.383,68383,48,,3538486,hard,stint_2
HAM,Red Bull Ring,Austrian Grand Prix,1031,2,1:08.448,68448,49,,3606869,hard,stint_2
HAM,Red Bull Ring,Austrian Grand Prix,1031,2,1:08.406,68406,50,,3675317,hard,stint_2
HAM,Red Bull Ring,Austrian Grand Prix,1031,2,1:18.996,78996,51,,3743723,hard,stint_2
HAM,Red Bull Ring,Austrian Grand Prix,1031,2,1:51.080,111080,52,,3822719,hard,stint_2
HAM,Red Bull Ring,Austrian Grand Prix,1031,2,2:00.866,120866,53,,3933799,hard,stint_2
HAM,Red Bull Ring,Austrian Grand Prix,1031,2,1:39.068,99068,54,,4054665,hard,stint_2
HAM,Red Bull Ring,Austrian Grand Prix,1031,2,1:37.528,97528,55,,4153733,hard,stint_2
HAM,Red Bull Ring,Austrian Grand Prix,1031,2,1:54.149,114149,56,2,4251261,hard,stint_2
HAM,Red Bull Ring,Austrian Grand Prix,1031,2,1:57.246,117246,57,,4479559,hard,stint_2
HAM,Red Bull Ring,Austrian Grand Prix,1031,2,1:50.103,110103,58,,4596805,hard,stint_2
HAM,Red Bull Ring,Austrian Grand Prix,1031,2,1:43.337,103337,59,,4706908,hard,stint_2
HAM,Red Bull Ring,Austrian Grand Prix,1031,2,1:37.005,97005,60,,4810245,hard,stint_2
HAM,Red Bull Ring,Austrian Grand Prix,1031,2,1:09.036,69036,61,,4907250,hard,stint_2
HAM,Red Bull Ring,Austrian Grand Prix,1031,2,1:08.578,68578,62,,4976286,hard,stint_2
HAM,Red Bull Ring,Austrian Grand Prix,1031,2,1:08.572,68572,63,,5044864,hard,stint_2
HAM,Red Bull Ring,Austrian Grand Prix,1031,2,1:08.535,68535,64,,5113436,hard,stint_2
HAM,Red Bull Ring,Austrian Grand Prix,1031,2,1:08.182,68182,65,,5181971,hard,stint_2
HAM,Red Bull Ring,Austrian Grand Prix,1031,2,1:08.092,68092,66,,5250153,hard,stint_2
HAM,Red Bull Ring,Austrian Grand Prix,1031,2,1:07.712,67712,67,,5318245,hard,stint_2
HAM,Red Bull Ring,Austrian Grand Prix,1031,2,1:07.916,67916,68,,5385957,hard,stint_2
HAM,Red Bull Ring,Austrian Grand Prix,1031,2,1:08.584,68584,69,,5453873,hard,stint_2
HAM,Red Bull Ring,Austrian Grand Prix,1031,2,1:08.419,68419,70,,5522457,hard,stint_2
HAM,Red Bull Ring,Austrian Grand Prix,1031,2,1:08.203,68203,71,,5590876,hard,stint_2
KVY,Red Bull Ring,Austrian Grand Prix,1031,15,1:20.360,80360,1,,0,medium,stint_1
KVY,Red Bull Ring,Austrian Grand Prix,1031,15,1:13.127,73127,2,,80360,medium,stint_1
KVY,Red Bull Ring,Austrian Grand Prix,1031,15,1:11.726,71726,3,,153487,medium,stint_1
KVY,Red Bull Ring,Austrian Grand Prix,1031,15,1:11.327,71327,4,,225213,medium,stint_1
KVY,Red Bull Ring,Austrian Grand Prix,1031,15,1:12.095,72095,5,,296540,medium,stint_1
KVY,Red Bull Ring,Austrian Grand Prix,1031,14,1:10.997,70997,6,,368635,medium,stint_1
KVY,Red Bull Ring,Austrian Grand Prix,1031,13,1:10.962,70962,7,,439632,medium,stint_1
KVY,Red Bull Ring,Austrian Grand Prix,1031,13,1:11.132,71132,8,,510594,medium,stint_1
KVY,Red Bull Ring,Austrian Grand Prix,1031,13,1:10.988,70988,9,,581726,medium,stint_1
KVY,Red Bull Ring,Austrian Grand Prix,1031,13,1:10.869,70869,10,,652714,medium,stint_1
KVY,Red Bull Ring,Austrian Grand Prix,1031,12,1:11.403,71403,11,,723583,medium,stint_1
KVY,Red Bull Ring,Austrian Grand Prix,1031,12,1:11.094,71094,12,,794986,medium,stint_1
KVY,Red Bull Ring,Austrian Grand Prix,1031,12,1:10.962,70962,13,,866080,medium,stint_1
KVY,Red Bull Ring,Austrian Grand Prix,1031,12,1:10.753,70753,14,,937042,medium,stint_1
KVY,Red Bull Ring,Austrian Grand Prix,1031,12,1:11.003,71003,15,,1007795,medium,stint_1
KVY,Red Bull Ring,Austrian Grand Prix,1031,12,1:10.831,70831,16,,1078798,medium,stint_1
KVY,Red Bull Ring,Austrian Grand Prix,1031,11,1:11.190,71190,17,,1149629,medium,stint_1
KVY,Red Bull Ring,Austrian Grand Prix,1031,11,1:10.637,70637,18,,1220819,medium,stint_1
KVY,Red Bull Ring,Austrian Grand Prix,1031,11,1:10.839,70839,19,,1291456,medium,stint_1
KVY,Red Bull Ring,Austrian Grand Prix,1031,10,1:10.928,70928,20,,1362295,medium,stint_1
KVY,Red Bull Ring,Austrian Grand Prix,1031,10,1:10.784,70784,21,,1433223,medium,stint_1
KVY,Red Bull Ring,Austrian Grand Prix,1031,10,1:10.523,70523,22,,1504007,medium,stint_1
KVY,Red Bull Ring,Austrian Grand Prix,1031,10,1:10.590,70590,23,,1574530,medium,stint_1
KVY,Red Bull Ring,Austrian Grand Prix,1031,10,1:10.420,70420,24,,1645120,medium,stint_1
KVY,Red Bull Ring,Austrian Grand Prix,1031,10,1:10.655,70655,25,,1715540,medium,stint_1
KVY,Red Bull Ring,Austrian Grand Prix,1031,10,1:42.320,102320,26,1,1786195,hard,stint_2
KVY,Red Bull Ring,Austrian Grand Prix,1031,10,1:44.170,104170,27,,1990835,hard,stint_2
KVY,Red Bull Ring,Austrian Grand Prix,1031,10,1:20.170,80170,28,,2095005,hard,stint_2
KVY,Red Bull Ring,Austrian Grand Prix,1031,10,1:54.238,114238,29,,2175175,hard,stint_2
KVY,Red Bull Ring,Austrian Grand Prix,1031,10,1:44.410,104410,30,,2289413,hard,stint_2
KVY,Red Bull Ring,Austrian Grand Prix,1031,9,1:10.997,70997,31,,2393823,hard,stint_2
KVY,Red Bull Ring,Austrian Grand Prix,1031,9,1:10.473,70473,32,,2464820,hard,stint_2
KVY,Red Bull Ring,Austrian Grand Prix,1031,9,1:10.128,70128,33,,2535293,hard,stint_2
KVY,Red Bull Ring,Austrian Grand Prix,1031,9,1:09.898,69898,34,,2605421,hard,stint_2
KVY,Red Bull Ring,Austrian Grand Prix,1031,9,1:10.224,70224,35,,2675319,hard,stint_2
KVY,Red Bull Ring,Austrian Grand Prix,1031,9,1:10.657,70657,36,,2745543,hard,stint_2
KVY,Red Bull Ring,Austrian Grand Prix,1031,9,1:10.035,70035,37,,2816200,hard,stint_2
KVY,Red Bull Ring,Austrian Grand Prix,1031,9,1:10.461,70461,38,,2886235,hard,stint_2
KVY,Red Bull Ring,Austrian Grand Prix,1031,9,1:09.827,69827,39,,2956696,hard,stint_2
KVY,Red Bull Ring,Austrian Grand Prix,1031,9,1:09.769,69769,40,,3026523,hard,stint_2
KVY,Red Bull Ring,Austrian Grand Prix,1031,9,1:10.086,70086,41,,3096292,hard,stint_2
KVY,Red Bull Ring,Austrian Grand Prix,1031,9,1:09.734,69734,42,,3166378,hard,stint_2
KVY,Red Bull Ring,Austrian Grand Prix,1031,9,1:09.473,69473,43,,3236112,hard,stint_2
KVY,Red Bull Ring,Austrian Grand Prix,1031,9,1:09.375,69375,44,,3305585,hard,stint_2
KVY,Red Bull Ring,Austrian Grand Prix,1031,9,1:09.829,69829,45,,3374960,hard,stint_2
KVY,Red Bull Ring,Austrian Grand Prix,1031,9,1:09.327,69327,46,,3444789,hard,stint_2
KVY,Red Bull Ring,Austrian Grand Prix,1031,9,1:09.286,69286,47,,3514116,hard,stint_2
KVY,Red Bull Ring,Austrian Grand Prix,1031,9,1:09.703,69703,48,,3583402,hard,stint_2
KVY,Red Bull Ring,Austrian Grand Prix,1031,9,1:09.663,69663,49,,3653105,hard,stint_2
KVY,Red Bull Ring,Austrian Grand Prix,1031,9,1:09.135,69135,50,,3722768,hard,stint_2
KVY,Red Bull Ring,Austrian Grand Prix,1031,9,1:27.749,87749,51,2,3791903,soft,stint_3
KVY,Red Bull Ring,Austrian Grand Prix,1031,11,1:48.009,108009,52,,3967401,soft,stint_3
KVY,Red Bull Ring,Austrian Grand Prix,1031,11,1:33.944,93944,53,,4075410,soft,stint_3
KVY,Red Bull Ring,Austrian Grand Prix,1031,11,1:30.350,90350,54,,4169354,soft,stint_3
KVY,Red Bull Ring,Austrian Grand Prix,1031,11,1:42.464,102464,55,,4259704,soft,stint_3
KVY,Red Bull Ring,Austrian Grand Prix,1031,10,1:56.833,116833,56,3,4362168,soft,stint_3
KVY,Red Bull Ring,Austrian Grand Prix,1031,10,1:54.212,114212,57,,4595834,soft,stint_3
KVY,Red Bull Ring,Austrian Grand Prix,1031,10,1:50.394,110394,58,,4710046,soft,stint_3
KVY,Red Bull Ring,Austrian Grand Prix,1031,10,1:44.104,104104,59,,4820440,soft,stint_3
KVY,Red Bull Ring,Austrian Grand Prix,1031,10,1:29.982,89982,60,,4924544,soft,stint_3
KVY,Red Bull Ring,Austrian Grand Prix,1031,9,1:11.427,71427,61,,5014526,soft,stint_3
KVY,Red Bull Ring,Austrian Grand Prix,1031,9,1:10.110,70110,62,,5085953,soft,stint_3
KVY,Red Bull Ring,Austrian Grand Prix,1031,9,1:10.242,70242,63,,5156063,soft,stint_3
KVY,Red Bull Ring,Austrian Grand Prix,1031,9,1:10.781,70781,64,,5226305,soft,stint_3
KVY,Red Bull Ring,Austrian Grand Prix,1031,9,1:10.378,70378,65,,5297086,soft,stint_3
KVY,Red Bull Ring,Austrian Grand Prix,1031,9,1:10.623,70623,66,,5367464,soft,stint_3
KVY,Red Bull Ring,Austrian Grand Prix,1031,10,1:11.475,71475,67,,5438087,soft,stint_3
KVY,Red Bull Ring,Austrian Grand Prix,1031,10,1:10.456,70456,68,,5509562,soft,stint_3
KVY,Red Bull Ring,Austrian Grand Prix,1031,11,1:11.794,71794,69,,5580018,soft,stint_3
LAT,Red Bull Ring,Austrian Grand Prix,1031,20,1:22.200,82200,1,,0,medium,stint_1
LAT,Red Bull Ring,Austrian Grand Prix,1031,20,1:13.861,73861,2,,82200,medium,stint_1
LAT,Red Bull Ring,Austrian Grand Prix,1031,20,1:12.354,72354,3,,156061,medium,stint_1
LAT,Red Bull Ring,Austrian Grand Prix,1031,20,1:11.901,71901,4,,228415,medium,stint_1
LAT,Red Bull Ring,Austrian Grand Prix,1031,20,1:11.919,71919,5,,300316,medium,stint_1
LAT,Red Bull Ring,Austrian Grand Prix,1031,20,1:11.812,71812,6,,372235,medium,stint_1
LAT,Red Bull Ring,Austrian Grand Prix,1031,20,1:12.103,72103,7,,444047,medium,stint_1
LAT,Red Bull Ring,Austrian Grand Prix,1031,20,1:12.201,72201,8,,516150,medium,stint_1
LAT,Red Bull Ring,Austrian Grand Prix,1031,20,1:12.571,72571,9,,588351,medium,stint_1
LAT,Red Bull Ring,Austrian Grand Prix,1031,20,1:12.720,72720,10,,660922,medium,stint_1
LAT,Red Bull Ring,Austrian Grand Prix,1031,19,1:12.422,72422,11,,733642,medium,stint_1
LAT,Red Bull Ring,Austrian Grand Prix,1031,19,1:11.990,71990,12,,806064,medium,stint_1
LAT,Red Bull Ring,Austrian Grand Prix,1031,19,1:11.808,71808,13,,878054,medium,stint_1
LAT,Red Bull Ring,Austrian Grand Prix,1031,19,1:11.681,71681,14,,949862,medium,stint_1
LAT,Red Bull Ring,Austrian Grand Prix,1031,19,1:11.663,71663,15,,1021543,medium,stint_1
LAT,Red Bull Ring,Austrian Grand Prix,1031,19,1:11.746,71746,16,,1093206,medium,stint_1
LAT,Red Bull Ring,Austrian Grand Prix,1031,18,1:11.845,71845,17,,1164952,medium,stint_1
LAT,Red Bull Ring,Austrian Grand Prix,1031,18,1:11.743,71743,18,,1236797,medium,stint_1
LAT,Red Bull Ring,Austrian Grand Prix,1031,18,1:11.605,71605,19,,1308540,medium,stint_1
LAT,Red Bull Ring,Austrian Grand Prix,1031,17,1:12.716,72716,20,,1380145,medium,stint_1
LAT,Red Bull Ring,Austrian Grand Prix,1031,16,1:11.818,71818,21,,1452861,medium,stint_1
LAT,Red Bull Ring,Austrian Grand Prix,1031,16,1:11.240,71240,22,,1524679,medium,stint_1
LAT,Red Bull Ring,Austrian Grand Prix,1031,16,1:11.213,71213,23,,1595919,medium,stint_1
LAT,Red Bull Ring,Austrian Grand Prix,1031,16,1:13.943,73943,24,,1667132,medium,stint_1
LAT,Red Bull Ring,Austrian Grand Prix,1031,14,1:26.061,86061,25,,1741075,medium,stint_1
LAT,Red Bull Ring,Austrian Grand Prix,1031,14,1:57.217,117217,26,1,1827136,hard,stint_2
LAT,Red Bull Ring,Austrian Grand Prix,1031,16,2:00.782,120782,27,,2061570,hard,stint_2
LAT,Red Bull Ring,Austrian Grand Prix,1031,16,1:37.331,97331,28,,2182352,hard,stint_2
LAT,Red Bull Ring,Austrian Grand Prix,1031,16,1:15.231,75231,29,,2279683,hard,stint_2
LAT,Red Bull Ring,Austrian Grand Prix,1031,16,1:12.150,72150,30,,2354914,hard,stint_2
LAT,Red Bull Ring,Austrian Grand Prix,1031,16,1:11.290,71290,31,,2427064,hard,stint_2
LAT,Red Bull Ring,Austrian Grand Prix,1031,16,1:10.895,70895,32,,2498354,hard,stint_2
LAT,Red Bull Ring,Austrian Grand Prix,1031,16,1:10.483,70483,33,,2569249,hard,stint_2
LAT,Red Bull Ring,Austrian Grand Prix,1031,16,1:10.436,70436,34,,2639732,hard,stint_2
LAT,Red Bull Ring,Austrian Grand Prix,1031,16,1:10.841,70841,35,,2710168,hard,stint_2
LAT,Red Bull Ring,Austrian Grand Prix,1031,16,1:10.812,70812,36,,2781009,hard,stint_2
LAT,Red Bull Ring,Austrian Grand Prix,1031,16,1:10.334,70334,37,,2851821,hard,stint_2
LAT,Red Bull Ring,Austrian Grand Prix,1031,16,1:10.311,70311,38,,2922155,hard,stint_2
LAT,Red Bull Ring,Austrian Grand Prix,1031,16,1:10.292,70292,39,,2992466,hard,stint_2
LAT,Red Bull Ring,Austrian Grand Prix,1031,16,1:10.442,70442,40,,3062758,hard,stint_2
LAT,Red Bull Ring,Austrian Grand Prix,1031,16,1:10.273,70273,41,,3133200,hard,stint_2
LAT,Red Bull Ring,Austrian Grand Prix,1031,16,1:10.262,70262,42,,3203473,hard,stint_2
LAT,Red Bull Ring,Austrian Grand Prix,1031,16,1:10.229,70229,43,,3273735,hard,stint_2
LAT,Red Bull Ring,Austrian Grand Prix,1031,16,1:10.305,70305,44,,3343964,hard,stint_2
LAT,Red Bull Ring,Austrian Grand Prix,1031,16,1:10.298,70298,45,,3414269,hard,stint_2
LAT,Red Bull Ring,Austrian Grand Prix,1031,16,1:10.038,70038,46,,3484567,hard,stint_2
LAT,Red Bull Ring,Austrian Grand Prix,1031,16,1:09.817,69817,47,,3554605,hard,stint_2
LAT,Red Bull Ring,Austrian Grand Prix,1031,16,1:10.265,70265,48,,3624422,hard,stint_2
LAT,Red Bull Ring,Austrian Grand Prix,1031,15,1:10.760,70760,49,,3694687,hard,stint_2
LAT,Red Bull Ring,Austrian Grand Prix,1031,14,1:16.161,76161,50,,3765447,hard,stint_2
LAT,Red Bull Ring,Austrian Grand Prix,1031,14,1:35.318,95318,51,2,3841608,soft,stint_3
LAT,Red Bull Ring,Austrian Grand Prix,1031,14,1:37.124,97124,52,,4032244,soft,stint_3
LAT,Red Bull Ring,Austrian Grand Prix,1031,14,1:13.419,73419,53,,4129368,soft,stint_3
LAT,Red Bull Ring,Austrian Grand Prix,1031,13,1:21.845,81845,54,,4202787,soft,stint_3
LAT,Red Bull Ring,Austrian Grand Prix,1031,13,1:41.900,101900,55,,4284632,soft,stint_3
LAT,Red Bull Ring,Austrian Grand Prix,1031,12,1:58.167,118167,56,3,4386532,soft,stint_3
LAT,Red Bull Ring,Austrian Grand Prix,1031,12,1:52.812,112812,57,,4622866,soft,stint_3
LAT,Red Bull Ring,Austrian Grand Prix,1031,12,1:50.087,110087,58,,4735678,soft,stint_3
LAT,Red Bull Ring,Austrian Grand Prix,1031,12,1:44.493,104493,59,,4845765,soft,stint_3
LAT,Red Bull Ring,Austrian Grand Prix,1031,12,1:29.059,89059,60,,4950258,soft,stint_3
LAT,Red Bull Ring,Austrian Grand Prix,1031,12,1:12.088,72088,61,,5039317,soft,stint_3
LAT,Red Bull Ring,Austrian Grand Prix,1031,12,1:10.688,70688,62,,5111405,soft,stint_3
LAT,Red Bull Ring,Austrian Grand Prix,1031,12,1:09.662,69662,63,,5182093,soft,stint_3
LAT,Red Bull Ring,Austrian Grand Prix,1031,13,1:10.933,70933,64,,5251755,soft,stint_3
LAT,Red Bull Ring,Austrian Grand Prix,1031,13,1:10.910,70910,65,,5322688,soft,stint_3
LAT,Red Bull Ring,Austrian Grand Prix,1031,13,1:10.709,70709,66,,5393598,soft,stint_3
LAT,Red Bull Ring,Austrian Grand Prix,1031,13,1:10.393,70393,67,,5464307,soft,stint_3
LAT,Red Bull Ring,Austrian Grand Prix,1031,12,1:10.906,70906,68,,5534700,soft,stint_3
LAT,Red Bull Ring,Austrian Grand Prix,1031,12,1:10.613,70613,69,,5605606,soft,stint_3
LAT,Red Bull Ring,Austrian Grand Prix,1031,11,1:11.012,71012,70,,5676219,soft,stint_3
LAT,Red Bull Ring,Austrian Grand Prix,1031,11,1:10.860,70860,71,,5747231,soft,stint_3
LEC,Red Bull Ring,Austrian Grand Prix,1031,7,1:16.847,76847,1,,0,soft,stint_1
LEC,Red Bull Ring,Austrian Grand Prix,1031,7,1:11.418,71418,2,,76847,soft,stint_1
LEC,Red Bull Ring,Austrian Grand Prix,1031,7,1:09.925,69925,3,,148265,soft,stint_1
LEC,Red Bull Ring,Austrian Grand Prix,1031,7,1:10.271,70271,4,,218190,soft,stint_1
LEC,Red Bull Ring,Austrian Grand Prix,1031,7,1:10.310,70310,5,,288461,soft,stint_1
LEC,Red Bull Ring,Austrian Grand Prix,1031,7,1:10.287,70287,6,,358771,soft,stint_1
LEC,Red Bull Ring,Austrian Grand Prix,1031,7,1:10.596,70596,7,,429058,soft,stint_1
LEC,Red Bull Ring,Austrian Grand Prix,1031,7,1:10.611,70611,8,,499654,soft,stint_1
LEC,Red Bull Ring,Austrian Grand Prix,1031,7,1:10.511,70511,9,,570265,soft,stint_1
LEC,Red Bull Ring,Austrian Grand Prix,1031,7,1:10.460,70460,10,,640776,soft,stint_1
LEC,Red Bull Ring,Austrian Grand Prix,1031,6,1:10.690,70690,11,,711236,soft,stint_1
LEC,Red Bull Ring,Austrian Grand Prix,1031,6,1:10.544,70544,12,,781926,soft,stint_1
LEC,Red Bull Ring,Austrian Grand Prix,1031,6,1:10.489,70489,13,,852470,soft,stint_1
LEC,Red Bull Ring,Austrian Grand Prix,1031,6,1:10.333,70333,14,,922959,soft,stint_1
LEC,Red Bull Ring,Austrian Grand Prix,1031,6,1:10.308,70308,15,,993292,soft,stint_1
LEC,Red Bull Ring,Austrian Grand Prix,1031,6,1:10.278,70278,16,,1063600,soft,stint_1
LEC,Red Bull Ring,Austrian Grand Prix,1031,6,1:10.138,70138,17,,1133878,soft,stint_1
LEC,Red Bull Ring,Austrian Grand Prix,1031,6,1:10.177,70177,18,,1204016,soft,stint_1
LEC,Red Bull Ring,Austrian Grand Prix,1031,6,1:10.072,70072,19,,1274193,soft,stint_1
LEC,Red Bull Ring,Austrian Grand Prix,1031,6,1:09.954,69954,20,,1344265,soft,stint_1
LEC,Red Bull Ring,Austrian Grand Prix,1031,6,1:10.181,70181,21,,1414219,soft,stint_1
LEC,Red Bull Ring,Austrian Grand Prix,1031,6,1:10.245,70245,22,,1484400,soft,stint_1
LEC,Red Bull Ring,Austrian Grand Prix,1031,6,1:10.392,70392,23,,1554645,soft,stint_1
LEC,Red Bull Ring,Austrian Grand Prix,1031,6,1:10.117,70117,24,,1625037,soft,stint_1
LEC,Red Bull Ring,Austrian Grand Prix,1031,6,1:10.199,70199,25,,1695154,soft,stint_1
LEC,Red Bull Ring,Austrian Grand Prix,1031,6,1:29.806,89806,26,1,1765353,hard,stint_2
LEC,Red Bull Ring,Austrian Grand Prix,1031,6,1:50.117,110117,27,,1944965,hard,stint_2
LEC,Red Bull Ring,Austrian Grand Prix,1031,6,1:41.051,101051,28,,2055082,hard,stint_2
LEC,Red Bull Ring,Austrian Grand Prix,1031,6,1:54.953,114953,29,,2156133,hard,stint_2
LEC,Red Bull Ring,Austrian Grand Prix,1031,6,1:47.566,107566,30,,2271086,hard,stint_2
LEC,Red Bull Ring,Austrian Grand Prix,1031,6,1:10.877,70877,31,,2378652,hard,stint_2
LEC,Red Bull Ring,Austrian Grand Prix,1031,6,1:10.125,70125,32,,2449529,hard,stint_2
LEC,Red Bull Ring,Austrian Grand Prix,1031,6,1:09.596,69596,33,,2519654,hard,stint_2
LEC,Red Bull Ring,Austrian Grand Prix,1031,6,1:09.538,69538,34,,2589250,hard,stint_2
LEC,Red Bull Ring,Austrian Grand Prix,1031,6,1:09.245,69245,35,,2658788,hard,stint_2
LEC,Red Bull Ring,Austrian Grand Prix,1031,6,1:09.479,69479,36,,2728033,hard,stint_2
LEC,Red Bull Ring,Austrian Grand Prix,1031,6,1:09.263,69263,37,,2797512,hard,stint_2
LEC,Red Bull Ring,Austrian Grand Prix,1031,6,1:08.973,68973,38,,2866775,hard,stint_2
LEC,Red Bull Ring,Austrian Grand Prix,1031,6,1:09.184,69184,39,,2935748,hard,stint_2
LEC,Red Bull Ring,Austrian Grand Prix,1031,6,1:09.112,69112,40,,3004932,hard,stint_2
LEC,Red Bull Ring,Austrian Grand Prix,1031,6,1:09.126,69126,41,,3074044,hard,stint_2
LEC,Red Bull Ring,Austrian Grand Prix,1031,6,1:09.120,69120,42,,3143170,hard,stint_2
LEC,Red Bull Ring,Austrian Grand Prix,1031,6,1:09.103,69103,43,,3212290,hard,stint_2
LEC,Red Bull Ring,Austrian Grand Prix,1031,6,1:09.218,69218,44,,3281393,hard,stint_2
LEC,Red Bull Ring,Austrian Grand Prix,1031,6,1:09.581,69581,45,,3350611,hard,stint_2
LEC,Red Bull Ring,Austrian Grand Prix,1031,6,1:09.129,69129,46,,3420192,hard,stint_2
LEC,Red Bull Ring,Austrian Grand Prix,1031,6,1:09.031,69031,47,,3489321,hard,stint_2
LEC,Red Bull Ring,Austrian Grand Prix,1031,6,1:08.781,68781,48,,3558352,hard,stint_2
LEC,Red Bull Ring,Austrian Grand Prix,1031,6,1:09.153,69153,49,,3627133,hard,stint_2
LEC,Red Bull Ring,Austrian Grand Prix,1031,6,1:09.085,69085,50,,3696286,hard,stint_2
LEC,Red Bull Ring,Austrian Grand Prix,1031,6,1:24.700,84700,51,2,3765371,medium,stint_3
LEC,Red Bull Ring,Austrian Grand Prix,1031,7,1:47.833,107833,52,,3934771,medium,stint_3
LEC,Red Bull Ring,Austrian Grand Prix,1031,6,1:44.214,104214,53,,4042604,medium,stint_3
LEC,Red Bull Ring,Austrian Grand Prix,1031,6,1:34.516,94516,54,,4146818,medium,stint_3
LEC,Red Bull Ring,Austrian Grand Prix,1031,6,1:41.270,101270,55,,4241334,medium,stint_3
LEC,Red Bull Ring,Austrian Grand Prix,1031,6,1:54.511,114511,56,3,4342604,medium,stint_3
LEC,Red Bull Ring,Austrian Grand Prix,1031,6,1:55.821,115821,57,,4571626,medium,stint_3
LEC,Red Bull Ring,Austrian Grand Prix,1031,6,1:50.846,110846,58,,4687447,medium,stint_3
LEC,Red Bull Ring,Austrian Grand Prix,1031,6,1:43.477,103477,59,,4798293,medium,stint_3
LEC,Red Bull Ring,Austrian Grand Prix,1031,6,1:33.349,93349,60,,4901770,medium,stint_3
LEC,Red Bull Ring,Austrian Grand Prix,1031,5,1:10.053,70053,61,,4995119,medium,stint_3
LEC,Red Bull Ring,Austrian Grand Prix,1031,5,1:08.916,68916,62,,5065172,medium,stint_3
LEC,Red Bull Ring,Austrian Grand Prix,1031,5,1:08.389,68389,63,,5134088,medium,stint_3
LEC,Red Bull Ring,Austrian Grand Prix,1031,4,1:07.901,67901,64,,5202477,medium,stint_3
LEC,Red Bull Ring,Austrian Grand Prix,1031,4,1:08.339,68339,65,,5270378,medium,stint_3
LEC,Red Bull Ring,Austrian Grand Prix,1031,3,1:08.020,68020,66,,5338717,medium,stint_3
LEC,Red Bull Ring,Austrian Grand Prix,1031,3,1:08.073,68073,67,,5406737,medium,stint_3
LEC,Red Bull Ring,Austrian Grand Prix,1031,3,1:08.127,68127,68,,5474810,medium,stint_3
LEC,Red Bull Ring,Austrian Grand Prix,1031,3,1:08.324,68324,69,,5542937,medium,stint_3
LEC,Red Bull Ring,Austrian Grand Prix,1031,3,1:07.935,67935,70,,5611261,medium,stint_3
LEC,Red Bull Ring,Austrian Grand Prix,1031,3,1:08.260,68260,71,,5679196,medium,stint_3
MAG,Red Bull Ring,Austrian Grand Prix,1031,13,1:19.587,79587,1,,0,medium,stint_1
MAG,Red Bull Ring,Austrian Grand Prix,1031,13,1:12.762,72762,2,,79587,medium,stint_1
MAG,Red Bull Ring,Austrian Grand Prix,1031,13,1:11.531,71531,3,,152349,medium,stint_1
MAG,Red Bull Ring,Austrian Grand Prix,1031,13,1:11.582,71582,4,,223880,medium,stint_1
MAG,Red Bull Ring,Austrian Grand Prix,1031,13,1:11.879,71879,5,,295462,medium,stint_1
MAG,Red Bull Ring,Austrian Grand Prix,1031,13,1:11.463,71463,6,,367341,medium,stint_1
MAG,Red Bull Ring,Austrian Grand Prix,1031,14,1:12.869,72869,7,,438804,medium,stint_1
MAG,Red Bull Ring,Austrian Grand Prix,1031,14,1:11.489,71489,8,,511673,medium,stint_1
MAG,Red Bull Ring,Austrian Grand Prix,1031,14,1:11.520,71520,9,,583162,medium,stint_1
MAG,Red Bull Ring,Austrian Grand Prix,1031,14,1:11.688,71688,10,,654682,medium,stint_1
MAG,Red Bull Ring,Austrian Grand Prix,1031,13,1:11.722,71722,11,,726370,medium,stint_1
MAG,Red Bull Ring,Austrian Grand Prix,1031,13,1:11.141,71141,12,,798092,medium,stint_1
MAG,Red Bull Ring,Austrian Grand Prix,1031,13,1:10.902,70902,13,,869233,medium,stint_1
MAG,Red Bull Ring,Austrian Grand Prix,1031,13,1:11.152,71152,14,,940135,medium,stint_1
MAG,Red Bull Ring,Austrian Grand Prix,1031,13,1:11.386,71386,15,,1011287,medium,stint_1
MAG,Red Bull Ring,Austrian Grand Prix,1031,13,1:11.075,71075,16,,1082673,medium,stint_1
MAG,Red Bull Ring,Austrian Grand Prix,1031,12,1:11.766,71766,17,,1153748,medium,stint_1
MAG,Red Bull Ring,Austrian Grand Prix,1031,12,1:11.274,71274,18,,1225514,medium,stint_1
MAG,Red Bull Ring,Austrian Grand Prix,1031,12,1:10.974,70974,19,,1296788,medium,stint_1
MAG,Red Bull Ring,Austrian Grand Prix,1031,11,1:10.852,70852,20,,1367762,medium,stint_1
MAG,Red Bull Ring,Austrian Grand Prix,1031,11,1:10.843,70843,21,,1438614,medium,stint_1
MAG,Red Bull Ring,Austrian Grand Prix,1031,11,1:10.884,70884,22,,1509457,medium,stint_1
MAG,Red Bull Ring,Austrian Grand Prix,1031,11,1:10.720,70720,23,,1580341,medium,stint_1
MAG,Red Bull Ring,Austrian Grand Prix,1031,11,1:11.243,71243,24,,1651061,medium,stint_1
NOR,Red Bull Ring,Austrian Grand Prix,1031,3,1:14.567,74567,1,,0,soft,stint_1
NOR,Red Bull Ring,Austrian Grand Prix,1031,3,1:10.366,70366,2,,74567,soft,stint_1
NOR,Red Bull Ring,Austrian Grand Prix,1031,4,1:11.197,71197,3,,144933,soft,stint_1
NOR,Red Bull Ring,Austrian Grand Prix,1031,5,1:10.810,70810,4,,216130,soft,stint_1
NOR,Red Bull Ring,Austrian Grand Prix,1031,5,1:09.949,69949,5,,286940,soft,stint_1
NOR,Red Bull Ring,Austrian Grand Prix,1031,5,1:10.017,70017,6,,356889,soft,stint_1
NOR,Red Bull Ring,Austrian Grand Prix,1031,5,1:10.228,70228,7,,426906,soft,stint_1
NOR,Red Bull Ring,Austrian Grand Prix,1031,5,1:10.324,70324,8,,497134,soft,stint_1
NOR,Red Bull Ring,Austrian Grand Prix,1031,5,1:10.132,70132,9,,567458,soft,stint_1
NOR,Red Bull Ring,Austrian Grand Prix,1031,5,1:10.324,70324,10,,637590,soft,stint_1
NOR,Red Bull Ring,Austrian Grand Prix,1031,4,1:10.449,70449,11,,707914,soft,stint_1
NOR,Red Bull Ring,Austrian Grand Prix,1031,4,1:10.112,70112,12,,778363,soft,stint_1
NOR,Red Bull Ring,Austrian Grand Prix,1031,4,1:10.309,70309,13,,848475,soft,stint_1
NOR,Red Bull Ring,Austrian Grand Prix,1031,4,1:10.210,70210,14,,918784,soft,stint_1
NOR,Red Bull Ring,Austrian Grand Prix,1031,4,1:10.187,70187,15,,988994,soft,stint_1
NOR,Red Bull Ring,Austrian Grand Prix,1031,4,1:10.235,70235,16,,1059181,soft,stint_1
NOR,Red Bull Ring,Austrian Grand Prix,1031,4,1:10.052,70052,17,,1129416,soft,stint_1
NOR,Red Bull Ring,Austrian Grand Prix,1031,4,1:09.984,69984,18,,1199468,soft,stint_1
NOR,Red Bull Ring,Austrian Grand Prix,1031,4,1:10.029,70029,19,,1269452,soft,stint_1
NOR,Red Bull Ring,Austrian Grand Prix,1031,4,1:09.860,69860,20,,1339481,soft,stint_1
NOR,Red Bull Ring,Austrian Grand Prix,1031,4,1:10.012,70012,21,,1409341,soft,stint_1
NOR,Red Bull Ring,Austrian Grand Prix,1031,4,1:09.933,69933,22,,1479353,soft,stint_1
NOR,Red Bull Ring,Austrian Grand Prix,1031,4,1:10.106,70106,23,,1549286,soft,stint_1
NOR,Red Bull Ring,Austrian Grand Prix,1031,4,1:09.940,69940,24,,1619392,soft,stint_1
NOR,Red Bull Ring,Austrian Grand Prix,1031,4,1:09.963,69963,25,,1689332,soft,stint_1
NOR,Red Bull Ring,Austrian Grand Prix,1031,4,1:30.234,90234,26,1,1759295,hard,stint_2
NOR,Red Bull Ring,Austrian Grand Prix,1031,4,1:50.203,110203,27,,1939763,hard,stint_2
NOR,Red Bull Ring,Austrian Grand Prix,1031,4,1:43.795,103795,28,,2049966,hard,stint_2
NOR,Red Bull Ring,Austrian Grand Prix,1031,4,1:54.141,114141,29,,2153761,hard,stint_2
NOR,Red Bull Ring,Austrian Grand Prix,1031,4,1:50.654,110654,30,,2267902,hard,stint_2
NOR,Red Bull Ring,Austrian Grand Prix,1031,4,1:10.457,70457,31,,2378556,hard,stint_2
NOR,Red Bull Ring,Austrian Grand Prix,1031,4,1:09.651,69651,32,,2449013,hard,stint_2
NOR,Red Bull Ring,Austrian Grand Prix,1031,5,1:10.548,70548,33,,2518664,hard,stint_2
NOR,Red Bull Ring,Austrian Grand Prix,1031,5,1:09.008,69008,34,,2589212,hard,stint_2
NOR,Red Bull Ring,Austrian Grand Prix,1031,5,1:09.311,69311,35,,2658220,hard,stint_2
NOR,Red Bull Ring,Austrian Grand Prix,1031,5,1:09.205,69205,36,,2727531,hard,stint_2
NOR,Red Bull Ring,Austrian Grand Prix,1031,5,1:09.111,69111,37,,2796736,hard,stint_2
NOR,Red Bull Ring,Austrian Grand Prix,1031,5,1:08.923,68923,38,,2865847,hard,stint_2
NOR,Red Bull Ring,Austrian Grand Prix,1031,5,1:09.026,69026,39,,2934770,hard,stint_2
NOR,Red Bull Ring,Austrian Grand Prix,1031,5,1:09.044,69044,40,,3003796,hard,stint_2
NOR,Red Bull Ring,Austrian Grand Prix,1031,5,1:09.074,69074,41,,3072840,hard,stint_2
NOR,Red Bull Ring,Austrian Grand Prix,1031,5,1:08.865,68865,42,,3141914,hard,stint_2
NOR,Red Bull Ring,Austrian Grand Prix,1031,5,1:08.787,68787,43,,3210779,hard,stint_2
NOR,Red Bull Ring,Austrian Grand Prix,1031,5,1:08.898,68898,44,,3279566,hard,stint_2
NOR,Red Bull Ring,Austrian Grand Prix,1031,5,1:09.217,69217,45,,3348464,hard,stint_2
NOR,Red Bull Ring,Austrian Grand Prix,1031,5,1:09.175,69175,46,,3417681,hard,stint_2
NOR,Red Bull Ring,Austrian Grand Prix,1031,5,1:08.978,68978,47,,3486856,hard,stint_2
NOR,Red Bull Ring,Austrian Grand Prix,1031,5,1:08.699,68699,48,,3555834,hard,stint_2
NOR,Red Bull Ring,Austrian Grand Prix,1031,5,1:08.695,68695,49,,3624533,hard,stint_2
NOR,Red Bull Ring,Austrian Grand Prix,1031,5,1:08.638,68638,50,,3693228,hard,stint_2
NOR,Red Bull Ring,Austrian Grand Prix,1031,5,1:23.701,83701,51,2,3761866,medium,stint_3
NOR,Red Bull Ring,Austrian Grand Prix,1031,6,1:49.362,109362,52,,3929268,medium,stint_3
NOR,Red Bull Ring,Austrian Grand Prix,1031,5,1:45.573,105573,53,,4038630,medium,stint_3
NOR,Red Bull Ring,Austrian Grand Prix,1031,5,1:36.233,96233,54,,4144203,medium,stint_3
NOR,Red Bull Ring,Austrian Grand Prix,1031,5,1:40.490,100490,55,,4240436,medium,stint_3
NOR,Red Bull Ring,Austrian Grand Prix,1031,5,1:54.196,114196,56,3,4340926,medium,stint_3
NOR,Red Bull Ring,Austrian Grand Prix,1031,5,1:56.164,116164,57,,4569318,medium,stint_3
NOR,Red Bull Ring,Austrian Grand Prix,1031,5,1:51.211,111211,58,,4685482,medium,stint_3
NOR,Red Bull Ring,Austrian Grand Prix,1031,5,1:43.284,103284,59,,4796693,medium,stint_3
NOR,Red Bull Ring,Austrian Grand Prix,1031,5,1:33.893,93893,60,,4899977,medium,stint_3
NOR,Red Bull Ring,Austrian Grand Prix,1031,4,1:09.662,69662,61,,4993870,medium,stint_3
NOR,Red Bull Ring,Austrian Grand Prix,1031,4,1:08.923,68923,62,,5063532,medium,stint_3
NOR,Red Bull Ring,Austrian Grand Prix,1031,4,1:08.362,68362,63,,5132455,medium,stint_3
NOR,Red Bull Ring,Austrian Grand Prix,1031,5,1:09.354,69354,64,,5200817,medium,stint_3
NOR,Red Bull Ring,Austrian Grand Prix,1031,5,1:08.518,68518,65,,5270171,medium,stint_3
NOR,Red Bull Ring,Austrian Grand Prix,1031,5,1:09.211,69211,66,,5338689,medium,stint_3
NOR,Red Bull Ring,Austrian Grand Prix,1031,5,1:08.574,68574,67,,5407900,medium,stint_3
NOR,Red Bull Ring,Austrian Grand Prix,1031,5,1:08.529,68529,68,,5476474,medium,stint_3
NOR,Red Bull Ring,Austrian Grand Prix,1031,4,1:09.102,69102,69,,5545003,medium,stint_3
NOR,Red Bull Ring,Austrian Grand Prix,1031,4,1:07.781,67781,70,,5614105,medium,stint_3
NOR,Red Bull Ring,Austrian Grand Prix,1031,4,1:07.475,67475,71,,5681886,medium,stint_3
OCO,Red Bull Ring,Austrian Grand Prix,1031,16,1:20.678,80678,1,,0,medium,stint_1
OCO,Red Bull Ring,Austrian Grand Prix,1031,16,1:13.291,73291,2,,80678,medium,stint_1
OCO,Red Bull Ring,Austrian Grand Prix,1031,16,1:11.786,71786,3,,153969,medium,stint_1
OCO,Red Bull Ring,Austrian Grand Prix,1031,16,1:11.415,71415,4,,225755,medium,stint_1
OCO,Red Bull Ring,Austrian Grand Prix,1031,16,1:12.056,72056,5,,297170,medium,stint_1
OCO,Red Bull Ring,Austrian Grand Prix,1031,16,1:11.727,71727,6,,369226,medium,stint_1
OCO,Red Bull Ring,Austrian Grand Prix,1031,16,1:11.816,71816,7,,440953,medium,stint_1
OCO,Red Bull Ring,Austrian Grand Prix,1031,16,1:11.640,71640,8,,512769,medium,stint_1
OCO,Red Bull Ring,Austrian Grand Prix,1031,16,1:11.645,71645,9,,584409,medium,stint_1
OCO,Red Bull Ring,Austrian Grand Prix,1031,16,1:11.868,71868,10,,656054,medium,stint_1
OCO,Red Bull Ring,Austrian Grand Prix,1031,15,1:11.642,71642,11,,727922,medium,stint_1
OCO,Red Bull Ring,Austrian Grand Prix,1031,15,1:11.523,71523,12,,799564,medium,stint_1
OCO,Red Bull Ring,Austrian Grand Prix,1031,15,1:11.499,71499,13,,871087,medium,stint_1
OCO,Red Bull Ring,Austrian Grand Prix,1031,15,1:10.935,70935,14,,942586,medium,stint_1
OCO,Red Bull Ring,Austrian Grand Prix,1031,14,1:10.703,70703,15,,1013521,medium,stint_1
OCO,Red Bull Ring,Austrian Grand Prix,1031,14,1:10.850,70850,16,,1084224,medium,stint_1
OCO,Red Bull Ring,Austrian Grand Prix,1031,13,1:11.347,71347,17,,1155074,medium,stint_1
OCO,Red Bull Ring,Austrian Grand Prix,1031,13,1:11.155,71155,18,,1226421,medium,stint_1
OCO,Red Bull Ring,Austrian Grand Prix,1031,13,1:10.782,70782,19,,1297576,medium,stint_1
OCO,Red Bull Ring,Austrian Grand Prix,1031,12,1:10.874,70874,20,,1368358,medium,stint_1
OCO,Red Bull Ring,Austrian Grand Prix,1031,12,1:11.014,71014,21,,1439232,medium,stint_1
OCO,Red Bull Ring,Austrian Grand Prix,1031,12,1:10.617,70617,22,,1510246,medium,stint_1
OCO,Red Bull Ring,Austrian Grand Prix,1031,12,1:10.826,70826,23,,1580863,medium,stint_1
OCO,Red Bull Ring,Austrian Grand Prix,1031,12,1:11.056,71056,24,,1651689,medium,stint_1
OCO,Red Bull Ring,Austrian Grand Prix,1031,11,1:17.862,77862,25,,1722745,medium,stint_1
OCO,Red Bull Ring,Austrian Grand Prix,1031,11,1:32.675,92675,26,1,1800607,hard,stint_2
OCO,Red Bull Ring,Austrian Grand Prix,1031,11,1:40.493,100493,27,,1985957,hard,stint_2
OCO,Red Bull Ring,Austrian Grand Prix,1031,11,1:20.267,80267,28,,2086450,hard,stint_2
OCO,Red Bull Ring,Austrian Grand Prix,1031,11,1:54.091,114091,29,,2166717,hard,stint_2
OCO,Red Bull Ring,Austrian Grand Prix,1031,11,1:43.941,103941,30,,2280808,hard,stint_2
OCO,Red Bull Ring,Austrian Grand Prix,1031,10,1:11.098,71098,31,,2384749,hard,stint_2
OCO,Red Bull Ring,Austrian Grand Prix,1031,10,1:10.594,70594,32,,2455847,hard,stint_2
OCO,Red Bull Ring,Austrian Grand Prix,1031,10,1:10.150,70150,33,,2526441,hard,stint_2
OCO,Red Bull Ring,Austrian Grand Prix,1031,10,1:09.777,69777,34,,2596591,hard,stint_2
OCO,Red Bull Ring,Austrian Grand Prix,1031,10,1:10.300,70300,35,,2666368,hard,stint_2
OCO,Red Bull Ring,Austrian Grand Prix,1031,10,1:10.600,70600,36,,2736668,hard,stint_2
OCO,Red Bull Ring,Austrian Grand Prix,1031,10,1:10.066,70066,37,,2807268,hard,stint_2
OCO,Red Bull Ring,Austrian Grand Prix,1031,10,1:10.425,70425,38,,2877334,hard,stint_2
OCO,Red Bull Ring,Austrian Grand Prix,1031,10,1:09.892,69892,39,,2947759,hard,stint_2
OCO,Red Bull Ring,Austrian Grand Prix,1031,10,1:09.703,69703,40,,3017651,hard,stint_2
OCO,Red Bull Ring,Austrian Grand Prix,1031,10,1:10.321,70321,41,,3087354,hard,stint_2
OCO,Red Bull Ring,Austrian Grand Prix,1031,10,1:09.563,69563,42,,3157675,hard,stint_2
OCO,Red Bull Ring,Austrian Grand Prix,1031,10,1:09.729,69729,43,,3227238,hard,stint_2
OCO,Red Bull Ring,Austrian Grand Prix,1031,10,1:09.528,69528,44,,3296967,hard,stint_2
OCO,Red Bull Ring,Austrian Grand Prix,1031,10,1:09.666,69666,45,,3366495,hard,stint_2
OCO,Red Bull Ring,Austrian Grand Prix,1031,10,1:09.313,69313,46,,3436161,hard,stint_2
OCO,Red Bull Ring,Austrian Grand Prix,1031,10,1:09.264,69264,47,,3505474,hard,stint_2
OCO,Red Bull Ring,Austrian Grand Prix,1031,10,1:09.456,69456,48,,3574738,hard,stint_2
OCO,Red Bull Ring,Austrian Grand Prix,1031,10,1:09.691,69691,49,,3644194,hard,stint_2
OCO,Red Bull Ring,Austrian Grand Prix,1031,10,1:09.299,69299,50,,3713885,hard,stint_2
OCO,Red Bull Ring,Austrian Grand Prix,1031,10,1:29.574,89574,51,,3783184,hard,stint_2
OCO,Red Bull Ring,Austrian Grand Prix,1031,9,1:33.731,93731,52,,3872758,hard,stint_2
OCO,Red Bull Ring,Austrian Grand Prix,1031,8,1:41.602,101602,53,,3966489,hard,stint_2
OCO,Red Bull Ring,Austrian Grand Prix,1031,8,1:32.905,92905,54,,4068091,hard,stint_2
OCO,Red Bull Ring,Austrian Grand Prix,1031,9,1:42.357,102357,55,,4160996,hard,stint_2
OCO,Red Bull Ring,Austrian Grand Prix,1031,9,1:56.363,116363,56,2,4263353,hard,stint_2
OCO,Red Bull Ring,Austrian Grand Prix,1031,9,1:54.426,114426,57,,4496079,hard,stint_2
OCO,Red Bull Ring,Austrian Grand Prix,1031,9,1:50.739,110739,58,,4610505,hard,stint_2
OCO,Red Bull Ring,Austrian Grand Prix,1031,9,1:43.597,103597,59,,4721244,hard,stint_2
OCO,Red Bull Ring,Austrian Grand Prix,1031,8,1:31.146,91146,60,,4824841,hard,stint_2
OCO,Red Bull Ring,Austrian Grand Prix,1031,8,1:11.756,71756,61,,4915987,hard,stint_2
OCO,Red Bull Ring,Austrian Grand Prix,1031,8,1:09.809,69809,62,,4987743,hard,stint_2
OCO,Red Bull Ring,Austrian Grand Prix,1031,8,1:09.528,69528,63,,5057552,hard,stint_2
OCO,Red Bull Ring,Austrian Grand Prix,1031,8,1:08.932,68932,64,,5127080,hard,stint_2
OCO,Red Bull Ring,Austrian Grand Prix,1031,8,1:09.160,69160,65,,5196012,hard,stint_2
OCO,Red Bull Ring,Austrian Grand Prix,1031,8,1:09.903,69903,66,,5265172,hard,stint_2
OCO,Red Bull Ring,Austrian Grand Prix,1031,8,1:09.691,69691,67,,5335075,hard,stint_2
OCO,Red Bull Ring,Austrian Grand Prix,1031,8,1:09.157,69157,68,,5404766,hard,stint_2
OCO,Red Bull Ring,Austrian Grand Prix,1031,8,1:09.733,69733,69,,5473923,hard,stint_2
OCO,Red Bull Ring,Austrian Grand Prix,1031,8,1:08.912,68912,70,,5543656,hard,stint_2
OCO,Red Bull Ring,Austrian Grand Prix,1031,8,1:09.665,69665,71,,5612568,hard,stint_2
PER,Red Bull Ring,Austrian Grand Prix,1031,6,1:16.326,76326,1,,0,soft,stint_1
PER,Red Bull Ring,Austrian Grand Prix,1031,6,1:10.812,70812,2,,76326,soft,stint_1
PER,Red Bull Ring,Austrian Grand Prix,1031,6,1:10.271,70271,3,,147138,soft,stint_1
PER,Red Bull Ring,Austrian Grand Prix,1031,6,1:10.265,70265,4,,217409,soft,stint_1
PER,Red Bull Ring,Austrian Grand Prix,1031,6,1:10.062,70062,5,,287674,soft,stint_1
PER,Red Bull Ring,Austrian Grand Prix,1031,6,1:09.922,69922,6,,357736,soft,stint_1
PER,Red Bull Ring,Austrian Grand Prix,1031,6,1:10.417,70417,7,,427658,soft,stint_1
PER,Red Bull Ring,Austrian Grand Prix,1031,6,1:10.291,70291,8,,498075,soft,stint_1
PER,Red Bull Ring,Austrian Grand Prix,1031,6,1:10.252,70252,9,,568366,soft,stint_1
PER,Red Bull Ring,Austrian Grand Prix,1031,6,1:10.416,70416,10,,638618,soft,stint_1
PER,Red Bull Ring,Austrian Grand Prix,1031,5,1:10.241,70241,11,,709034,soft,stint_1
PER,Red Bull Ring,Austrian Grand Prix,1031,5,1:10.011,70011,12,,779275,soft,stint_1
PER,Red Bull Ring,Austrian Grand Prix,1031,5,1:10.514,70514,13,,849286,soft,stint_1
PER,Red Bull Ring,Austrian Grand Prix,1031,5,1:10.717,70717,14,,919800,soft,stint_1
PER,Red Bull Ring,Austrian Grand Prix,1031,5,1:10.701,70701,15,,990517,soft,stint_1
PER,Red Bull Ring,Austrian Grand Prix,1031,5,1:10.555,70555,16,,1061218,soft,stint_1
PER,Red Bull Ring,Austrian Grand Prix,1031,5,1:10.340,70340,17,,1131773,soft,stint_1
PER,Red Bull Ring,Austrian Grand Prix,1031,5,1:10.261,70261,18,,1202113,soft,stint_1
PER,Red Bull Ring,Austrian Grand Prix,1031,5,1:10.162,70162,19,,1272374,soft,stint_1
PER,Red Bull Ring,Austrian Grand Prix,1031,5,1:10.060,70060,20,,1342536,soft,stint_1
PER,Red Bull Ring,Austrian Grand Prix,1031,5,1:09.828,69828,21,,1412596,soft,stint_1
PER,Red Bull Ring,Austrian Grand Prix,1031,5,1:10.140,70140,22,,1482424,soft,stint_1
PER,Red Bull Ring,Austrian Grand Prix,1031,5,1:09.775,69775,23,,1552564,soft,stint_1
PER,Red Bull Ring,Austrian Grand Prix,1031,5,1:10.002,70002,24,,1622339,soft,stint_1
PER,Red Bull Ring,Austrian Grand Prix,1031,5,1:10.011,70011,25,,1692341,soft,stint_1
PER,Red Bull Ring,Austrian Grand Prix,1031,5,1:28.737,88737,26,1,1762352,medium,stint_2
PER,Red Bull Ring,Austrian Grand Prix,1031,5,1:49.475,109475,27,,1939826,medium,stint_2
PER,Red Bull Ring,Austrian Grand Prix,1031,5,1:43.896,103896,28,,2049301,medium,stint_2
PER,Red Bull Ring,Austrian Grand Prix,1031,5,1:54.857,114857,29,,2153197,medium,stint_2
PER,Red Bull Ring,Austrian Grand Prix,1031,5,1:49.313,109313,30,,2268054,medium,stint_2
PER,Red Bull Ring,Austrian Grand Prix,1031,5,1:10.708,70708,31,,2377367,medium,stint_2
PER,Red Bull Ring,Austrian Grand Prix,1031,5,1:09.819,69819,32,,2448075,medium,stint_2
PER,Red Bull Ring,Austrian Grand Prix,1031,4,1:08.837,68837,33,,2517894,medium,stint_2
PER,Red Bull Ring,Austrian Grand Prix,1031,4,1:08.634,68634,34,,2586731,medium,stint_2
PER,Red Bull Ring,Austrian Grand Prix,1031,4,1:08.495,68495,35,,2655365,medium,stint_2
PER,Red Bull Ring,Austrian Grand Prix,1031,4,1:09.229,69229,36,,2723860,medium,stint_2
PER,Red Bull Ring,Austrian Grand Prix,1031,4,1:08.669,68669,37,,2793089,medium,stint_2
PER,Red Bull Ring,Austrian Grand Prix,1031,4,1:08.910,68910,38,,2861758,medium,stint_2
PER,Red Bull Ring,Austrian Grand Prix,1031,4,1:08.799,68799,39,,2930668,medium,stint_2
PER,Red Bull Ring,Austrian Grand Prix,1031,4,1:08.885,68885,40,,2999467,medium,stint_2
PER,Red Bull Ring,Austrian Grand Prix,1031,4,1:08.962,68962,41,,3068352,medium,stint_2
PER,Red Bull Ring,Austrian Grand Prix,1031,4,1:08.748,68748,42,,3137314,medium,stint_2
PER,Red Bull Ring,Austrian Grand Prix,1031,4,1:08.788,68788,43,,3206062,medium,stint_2
PER,Red Bull Ring,Austrian Grand Prix,1031,4,1:08.900,68900,44,,3274850,medium,stint_2
PER,Red Bull Ring,Austrian Grand Prix,1031,4,1:09.310,69310,45,,3343750,medium,stint_2
PER,Red Bull Ring,Austrian Grand Prix,1031,4,1:08.797,68797,46,,3413060,medium,stint_2
PER,Red Bull Ring,Austrian Grand Prix,1031,4,1:08.633,68633,47,,3481857,medium,stint_2
PER,Red Bull Ring,Austrian Grand Prix,1031,4,1:08.515,68515,48,,3550490,medium,stint_2
PER,Red Bull Ring,Austrian Grand Prix,1031,4,1:08.558,68558,49,,3619005,medium,stint_2
PER,Red Bull Ring,Austrian Grand Prix,1031,4,1:08.482,68482,50,,3687563,medium,stint_2
PER,Red Bull Ring,Austrian Grand Prix,1031,4,1:22.569,82569,51,,3756045,medium,stint_2
PER,Red Bull Ring,Austrian Grand Prix,1031,3,1:37.867,97867,52,,3838614,medium,stint_2
PER,Red Bull Ring,Austrian Grand Prix,1031,3,1:59.664,119664,53,,3936481,medium,stint_2
PER,Red Bull Ring,Austrian Grand Prix,1031,3,1:38.406,98406,54,,4056145,medium,stint_2
PER,Red Bull Ring,Austrian Grand Prix,1031,3,1:38.135,98135,55,,4154551,medium,stint_2
PER,Red Bull Ring,Austrian Grand Prix,1031,3,1:53.979,113979,56,2,4252686,medium,stint_2
PER,Red Bull Ring,Austrian Grand Prix,1031,3,1:56.971,116971,57,,4480644,medium,stint_2
PER,Red Bull Ring,Austrian Grand Prix,1031,3,1:51.032,111032,58,,4597615,medium,stint_2
PER,Red Bull Ring,Austrian Grand Prix,1031,4,1:43.868,103868,59,,4708647,medium,stint_2
PER,Red Bull Ring,Austrian Grand Prix,1031,4,1:35.607,95607,60,,4812515,medium,stint_2
PER,Red Bull Ring,Austrian Grand Prix,1031,3,1:09.426,69426,61,,4908122,medium,stint_2
PER,Red Bull Ring,Austrian Grand Prix,1031,3,1:08.748,68748,62,,4977548,medium,stint_2
PER,Red Bull Ring,Austrian Grand Prix,1031,3,1:08.305,68305,63,,5046296,medium,stint_2
PER,Red Bull Ring,Austrian Grand Prix,1031,3,1:08.554,68554,64,,5114601,medium,stint_2
PER,Red Bull Ring,Austrian Grand Prix,1031,3,1:08.546,68546,65,,5183155,medium,stint_2
PER,Red Bull Ring,Austrian Grand Prix,1031,4,1:09.858,69858,66,,5251701,medium,stint_2
PER,Red Bull Ring,Austrian Grand Prix,1031,4,1:08.374,68374,67,,5321559,medium,stint_2
PER,Red Bull Ring,Austrian Grand Prix,1031,4,1:08.921,68921,68,,5389933,medium,stint_2
PER,Red Bull Ring,Austrian Grand Prix,1031,5,1:10.695,70695,69,,5458854,medium,stint_2
PER,Red Bull Ring,Austrian Grand Prix,1031,5,1:08.718,68718,70,,5529549,medium,stint_2
PER,Red Bull Ring,Austrian Grand Prix,1031,6,1:10.280,70280,71,,5598267,medium,stint_2
RAI,Red Bull Ring,Austrian Grand Prix,1031,17,1:20.781,80781,1,,0,medium,stint_1
RAI,Red Bull Ring,Austrian Grand Prix,1031,17,1:13.309,73309,2,,80781,medium,stint_1
RAI,Red Bull Ring,Austrian Grand Prix,1031,17,1:12.098,72098,3,,154090,medium,stint_1
RAI,Red Bull Ring,Austrian Grand Prix,1031,17,1:11.372,71372,4,,226188,medium,stint_1
RAI,Red Bull Ring,Austrian Grand Prix,1031,17,1:11.920,71920,5,,297560,medium,stint_1
RAI,Red Bull Ring,Austrian Grand Prix,1031,17,1:11.893,71893,6,,369480,medium,stint_1
RAI,Red Bull Ring,Austrian Grand Prix,1031,17,1:11.771,71771,7,,441373,medium,stint_1
RAI,Red Bull Ring,Austrian Grand Prix,1031,17,1:11.941,71941,8,,513144,medium,stint_1
RAI,Red Bull Ring,Austrian Grand Prix,1031,17,1:11.475,71475,9,,585085,medium,stint_1
RAI,Red Bull Ring,Austrian Grand Prix,1031,17,1:11.895,71895,10,,656560,medium,stint_1
RAI,Red Bull Ring,Austrian Grand Prix,1031,16,1:11.618,71618,11,,728455,medium,stint_1
RAI,Red Bull Ring,Austrian Grand Prix,1031,16,1:11.793,71793,12,,800073,medium,stint_1
RAI,Red Bull Ring,Austrian Grand Prix,1031,16,1:11.354,71354,13,,871866,medium,stint_1
RAI,Red Bull Ring,Austrian Grand Prix,1031,16,1:11.319,71319,14,,943220,medium,stint_1
RAI,Red Bull Ring,Austrian Grand Prix,1031,16,1:11.366,71366,15,,1014539,medium,stint_1
RAI,Red Bull Ring,Austrian Grand Prix,1031,16,1:11.588,71588,16,,1085905,medium,stint_1
RAI,Red Bull Ring,Austrian Grand Prix,1031,15,1:11.213,71213,17,,1157493,medium,stint_1
RAI,Red Bull Ring,Austrian Grand Prix,1031,14,1:10.375,70375,18,,1228706,medium,stint_1
RAI,Red Bull Ring,Austrian Grand Prix,1031,14,1:10.752,70752,19,,1299081,medium,stint_1
RAI,Red Bull Ring,Austrian Grand Prix,1031,13,1:10.727,70727,20,,1369833,medium,stint_1
RAI,Red Bull Ring,Austrian Grand Prix,1031,13,1:10.570,70570,21,,1440560,medium,stint_1
RAI,Red Bull Ring,Austrian Grand Prix,1031,13,1:10.713,70713,22,,1511130,medium,stint_1
RAI,Red Bull Ring,Austrian Grand Prix,1031,13,1:10.898,70898,23,,1581843,medium,stint_1
RAI,Red Bull Ring,Austrian Grand Prix,1031,14,1:14.725,74725,24,1,1652741,hard,stint_2
RAI,Red Bull Ring,Austrian Grand Prix,1031,15,1:43.423,103423,25,,1802191,hard,stint_2
RAI,Red Bull Ring,Austrian Grand Prix,1031,15,1:53.799,113799,26,,1905614,hard,stint_2
RAI,Red Bull Ring,Austrian Grand Prix,1031,14,1:23.601,83601,27,,2019413,hard,stint_2
RAI,Red Bull Ring,Austrian Grand Prix,1031,14,1:13.482,73482,28,,2103014,hard,stint_2
RAI,Red Bull Ring,Austrian Grand Prix,1031,14,1:30.605,90605,29,,2176496,hard,stint_2
RAI,Red Bull Ring,Austrian Grand Prix,1031,14,1:42.148,102148,30,,2267101,hard,stint_2
RAI,Red Bull Ring,Austrian Grand Prix,1031,13,1:10.779,70779,31,,2369249,hard,stint_2
RAI,Red Bull Ring,Austrian Grand Prix,1031,13,1:10.997,70997,32,,2440028,hard,stint_2
RAI,Red Bull Ring,Austrian Grand Prix,1031,13,1:10.400,70400,33,,2511025,hard,stint_2
RAI,Red Bull Ring,Austrian Grand Prix,1031,13,1:10.188,70188,34,,2581425,hard,stint_2
RAI,Red Bull Ring,Austrian Grand Prix,1031,13,1:10.332,70332,35,,2651613,hard,stint_2
RAI,Red Bull Ring,Austrian Grand Prix,1031,13,1:10.355,70355,36,,2721945,hard,stint_2
RAI,Red Bull Ring,Austrian Grand Prix,1031,13,1:10.007,70007,37,,2792300,hard,stint_2
RAI,Red Bull Ring,Austrian Grand Prix,1031,13,1:10.336,70336,38,,2862307,hard,stint_2
RAI,Red Bull Ring,Austrian Grand Prix,1031,13,1:10.496,70496,39,,2932643,hard,stint_2
RAI,Red Bull Ring,Austrian Grand Prix,1031,13,1:10.158,70158,40,,3003139,hard,stint_2
RAI,Red Bull Ring,Austrian Grand Prix,1031,13,1:09.962,69962,41,,3073297,hard,stint_2
RAI,Red Bull Ring,Austrian Grand Prix,1031,13,1:10.013,70013,42,,3143259,hard,stint_2
RAI,Red Bull Ring,Austrian Grand Prix,1031,13,1:09.952,69952,43,,3213272,hard,stint_2
RAI,Red Bull Ring,Austrian Grand Prix,1031,12,1:09.400,69400,44,,3283224,hard,stint_2
RAI,Red Bull Ring,Austrian Grand Prix,1031,12,1:09.973,69973,45,,3352624,hard,stint_2
RAI,Red Bull Ring,Austrian Grand Prix,1031,12,1:09.432,69432,46,,3422597,hard,stint_2
RAI,Red Bull Ring,Austrian Grand Prix,1031,12,1:09.062,69062,47,,3492029,hard,stint_2
RAI,Red Bull Ring,Austrian Grand Prix,1031,12,1:09.031,69031,48,,3561091,hard,stint_2
RAI,Red Bull Ring,Austrian Grand Prix,1031,12,1:09.417,69417,49,,3630122,hard,stint_2
RAI,Red Bull Ring,Austrian Grand Prix,1031,12,1:09.384,69384,50,,3699539,hard,stint_2
RAI,Red Bull Ring,Austrian Grand Prix,1031,12,1:30.453,90453,51,2,3768923,hard,stint_2
RAI,Red Bull Ring,Austrian Grand Prix,1031,12,1:48.390,108390,52,,3949829,hard,stint_2
RAI,Red Bull Ring,Austrian Grand Prix,1031,12,1:27.815,87815,53,,4058219,hard,stint_2
RIC,Red Bull Ring,Austrian Grand Prix,1031,11,1:18.766,78766,1,,0,soft,stint_1
RIC,Red Bull Ring,Austrian Grand Prix,1031,11,1:12.125,72125,2,,78766,soft,stint_1
RIC,Red Bull Ring,Austrian Grand Prix,1031,11,1:11.236,71236,3,,150891,soft,stint_1
RIC,Red Bull Ring,Austrian Grand Prix,1031,11,1:10.628,70628,4,,222127,soft,stint_1
RIC,Red Bull Ring,Austrian Grand Prix,1031,11,1:10.636,70636,5,,292755,soft,stint_1
RIC,Red Bull Ring,Austrian Grand Prix,1031,11,1:10.954,70954,6,,363391,soft,stint_1
RIC,Red Bull Ring,Austrian Grand Prix,1031,11,1:10.813,70813,7,,434345,soft,stint_1
RIC,Red Bull Ring,Austrian Grand Prix,1031,11,1:10.610,70610,8,,505158,soft,stint_1
RIC,Red Bull Ring,Austrian Grand Prix,1031,11,1:10.925,70925,9,,575768,soft,stint_1
RIC,Red Bull Ring,Austrian Grand Prix,1031,11,1:10.755,70755,10,,646693,soft,stint_1
RIC,Red Bull Ring,Austrian Grand Prix,1031,10,1:11.281,71281,11,,717448,soft,stint_1
RIC,Red Bull Ring,Austrian Grand Prix,1031,10,1:10.885,70885,12,,788729,soft,stint_1
RIC,Red Bull Ring,Austrian Grand Prix,1031,10,1:10.929,70929,13,,859614,soft,stint_1
RIC,Red Bull Ring,Austrian Grand Prix,1031,10,1:10.814,70814,14,,930543,soft,stint_1
RIC,Red Bull Ring,Austrian Grand Prix,1031,10,1:10.828,70828,15,,1001357,soft,stint_1
RIC,Red Bull Ring,Austrian Grand Prix,1031,10,1:10.824,70824,16,,1072185,soft,stint_1
RIC,Red Bull Ring,Austrian Grand Prix,1031,19,1:38.320,98320,17,,1143009,soft,stint_1
RUS,Red Bull Ring,Austrian Grand Prix,1031,19,1:21.596,81596,1,,0,medium,stint_1
RUS,Red Bull Ring,Austrian Grand Prix,1031,19,1:13.736,73736,2,,81596,medium,stint_1
RUS,Red Bull Ring,Austrian Grand Prix,1031,19,1:12.334,72334,3,,155332,medium,stint_1
RUS,Red Bull Ring,Austrian Grand Prix,1031,19,1:11.594,71594,4,,227666,medium,stint_1
RUS,Red Bull Ring,Austrian Grand Prix,1031,19,1:11.724,71724,5,,299260,medium,stint_1
RUS,Red Bull Ring,Austrian Grand Prix,1031,19,1:12.130,72130,6,,370984,medium,stint_1
RUS,Red Bull Ring,Austrian Grand Prix,1031,19,1:12.152,72152,7,,443114,medium,stint_1
RUS,Red Bull Ring,Austrian Grand Prix,1031,19,1:11.784,71784,8,,515266,medium,stint_1
RUS,Red Bull Ring,Austrian Grand Prix,1031,19,1:12.207,72207,9,,587050,medium,stint_1
RUS,Red Bull Ring,Austrian Grand Prix,1031,19,1:12.297,72297,10,,659257,medium,stint_1
RUS,Red Bull Ring,Austrian Grand Prix,1031,18,1:11.923,71923,11,,731554,medium,stint_1
RUS,Red Bull Ring,Austrian Grand Prix,1031,18,1:11.817,71817,12,,803477,medium,stint_1
RUS,Red Bull Ring,Austrian Grand Prix,1031,18,1:11.557,71557,13,,875294,medium,stint_1
RUS,Red Bull Ring,Austrian Grand Prix,1031,18,1:11.588,71588,14,,946851,medium,stint_1
RUS,Red Bull Ring,Austrian Grand Prix,1031,18,1:11.563,71563,15,,1018439,medium,stint_1
RUS,Red Bull Ring,Austrian Grand Prix,1031,18,1:11.674,71674,16,,1090002,medium,stint_1
RUS,Red Bull Ring,Austrian Grand Prix,1031,17,1:11.538,71538,17,,1161676,medium,stint_1
RUS,Red Bull Ring,Austrian Grand Prix,1031,17,1:11.186,71186,18,,1233214,medium,stint_1
RUS,Red Bull Ring,Austrian Grand Prix,1031,17,1:11.053,71053,19,,1304400,medium,stint_1
RUS,Red Bull Ring,Austrian Grand Prix,1031,16,1:11.210,71210,20,,1375453,medium,stint_1
RUS,Red Bull Ring,Austrian Grand Prix,1031,15,1:11.014,71014,21,,1446663,medium,stint_1
RUS,Red Bull Ring,Austrian Grand Prix,1031,15,1:10.891,70891,22,,1517677,medium,stint_1
RUS,Red Bull Ring,Austrian Grand Prix,1031,15,1:11.039,71039,23,,1588568,medium,stint_1
RUS,Red Bull Ring,Austrian Grand Prix,1031,15,1:11.106,71106,24,,1659607,medium,stint_1
RUS,Red Bull Ring,Austrian Grand Prix,1031,13,1:19.305,79305,25,1,1730713,medium,stint_1
RUS,Red Bull Ring,Austrian Grand Prix,1031,13,2:14.065,134065,26,,1810018,medium,stint_1
RUS,Red Bull Ring,Austrian Grand Prix,1031,13,1:23.330,83330,27,,1944083,medium,stint_1
RUS,Red Bull Ring,Austrian Grand Prix,1031,13,1:13.150,73150,28,,2027413,medium,stint_1
RUS,Red Bull Ring,Austrian Grand Prix,1031,13,1:30.313,90313,29,,2100563,medium,stint_1
RUS,Red Bull Ring,Austrian Grand Prix,1031,13,1:42.414,102414,30,,2190876,medium,stint_1
RUS,Red Bull Ring,Austrian Grand Prix,1031,12,1:11.215,71215,31,,2293290,medium,stint_1
RUS,Red Bull Ring,Austrian Grand Prix,1031,12,1:10.962,70962,32,,2364505,medium,stint_1
RUS,Red Bull Ring,Austrian Grand Prix,1031,12,1:10.317,70317,33,,2435467,medium,stint_1
RUS,Red Bull Ring,Austrian Grand Prix,1031,12,1:10.148,70148,34,,2505784,medium,stint_1
RUS,Red Bull Ring,Austrian Grand Prix,1031,12,1:10.107,70107,35,,2575932,medium,stint_1
RUS,Red Bull Ring,Austrian Grand Prix,1031,12,1:10.393,70393,36,,2646039,medium,stint_1
RUS,Red Bull Ring,Austrian Grand Prix,1031,12,1:10.312,70312,37,,2716432,medium,stint_1
RUS,Red Bull Ring,Austrian Grand Prix,1031,12,1:10.236,70236,38,,2786744,medium,stint_1
RUS,Red Bull Ring,Austrian Grand Prix,1031,12,1:10.335,70335,39,,2856980,medium,stint_1
RUS,Red Bull Ring,Austrian Grand Prix,1031,12,1:10.261,70261,40,,2927315,medium,stint_1
RUS,Red Bull Ring,Austrian Grand Prix,1031,12,1:09.901,69901,41,,2997576,medium,stint_1
RUS,Red Bull Ring,Austrian Grand Prix,1031,12,1:10.220,70220,42,,3067477,medium,stint_1
RUS,Red Bull Ring,Austrian Grand Prix,1031,12,1:10.025,70025,43,,3137697,medium,stint_1
RUS,Red Bull Ring,Austrian Grand Prix,1031,13,1:11.190,71190,44,,3207722,medium,stint_1
RUS,Red Bull Ring,Austrian Grand Prix,1031,13,1:10.457,70457,45,,3278912,medium,stint_1
RUS,Red Bull Ring,Austrian Grand Prix,1031,13,1:10.014,70014,46,,3349369,medium,stint_1
RUS,Red Bull Ring,Austrian Grand Prix,1031,13,1:09.693,69693,47,,3419383,medium,stint_1
RUS,Red Bull Ring,Austrian Grand Prix,1031,13,1:09.888,69888,48,,3489076,medium,stint_1
RUS,Red Bull Ring,Austrian Grand Prix,1031,13,1:09.317,69317,49,,3558964,medium,stint_1
SAI,Red Bull Ring,Austrian Grand Prix,1031,8,1:17.168,77168,1,,0,soft,stint_1
SAI,Red Bull Ring,Austrian Grand Prix,1031,8,1:11.958,71958,2,,77168,soft,stint_1
SAI,Red Bull Ring,Austrian Grand Prix,1031,8,1:10.243,70243,3,,149126,soft,stint_1
SAI,Red Bull Ring,Austrian Grand Prix,1031,8,1:10.316,70316,4,,219369,soft,stint_1
SAI,Red Bull Ring,Austrian Grand Prix,1031,8,1:10.317,70317,5,,289685,soft,stint_1
SAI,Red Bull Ring,Austrian Grand Prix,1031,8,1:10.342,70342,6,,360002,soft,stint_1
SAI,Red Bull Ring,Austrian Grand Prix,1031,8,1:10.563,70563,7,,430344,soft,stint_1
SAI,Red Bull Ring,Austrian Grand Prix,1031,8,1:10.651,70651,8,,500907,soft,stint_1
SAI,Red Bull Ring,Austrian Grand Prix,1031,8,1:10.571,70571,9,,571558,soft,stint_1
SAI,Red Bull Ring,Austrian Grand Prix,1031,8,1:10.518,70518,10,,642129,soft,stint_1
SAI,Red Bull Ring,Austrian Grand Prix,1031,7,1:10.701,70701,11,,712647,soft,stint_1
SAI,Red Bull Ring,Austrian Grand Prix,1031,7,1:10.549,70549,12,,783348,soft,stint_1
SAI,Red Bull Ring,Austrian Grand Prix,1031,7,1:10.392,70392,13,,853897,soft,stint_1
SAI,Red Bull Ring,Austrian Grand Prix,1031,7,1:10.421,70421,14,,924289,soft,stint_1
SAI,Red Bull Ring,Austrian Grand Prix,1031,7,1:10.322,70322,15,,994710,soft,stint_1
SAI,Red Bull Ring,Austrian Grand Prix,1031,7,1:10.378,70378,16,,1065032,soft,stint_1
SAI,Red Bull Ring,Austrian Grand Prix,1031,7,1:10.405,70405,17,,1135410,soft,stint_1
SAI,Red Bull Ring,Austrian Grand Prix,1031,7,1:10.434,70434,18,,1205815,soft,stint_1
SAI,Red Bull Ring,Austrian Grand Prix,1031,7,1:10.250,70250,19,,1276249,soft,stint_1
SAI,Red Bull Ring,Austrian Grand Prix,1031,7,1:10.010,70010,20,,1346499,soft,stint_1
SAI,Red Bull Ring,Austrian Grand Prix,1031,7,1:10.105,70105,21,,1416509,soft,stint_1
SAI,Red Bull Ring,Austrian Grand Prix,1031,7,1:10.051,70051,22,,1486614,soft,stint_1
SAI,Red Bull Ring,Austrian Grand Prix,1031,7,1:10.133,70133,23,,1556665,soft,stint_1
SAI,Red Bull Ring,Austrian Grand Prix,1031,7,1:10.316,70316,24,,1626798,soft,stint_1
SAI,Red Bull Ring,Austrian Grand Prix,1031,7,1:10.141,70141,25,,1697114,soft,stint_1
SAI,Red Bull Ring,Austrian Grand Prix,1031,7,1:30.179,90179,26,1,1767255,hard,stint_2
SAI,Red Bull Ring,Austrian Grand Prix,1031,7,1:52.463,112463,27,,1947613,hard,stint_2
SAI,Red Bull Ring,Austrian Grand Prix,1031,7,1:37.161,97161,28,,2060076,hard,stint_2
SAI,Red Bull Ring,Austrian Grand Prix,1031,7,1:55.235,115235,29,,2157237,hard,stint_2
SAI,Red Bull Ring,Austrian Grand Prix,1031,7,1:46.943,106943,30,,2272472,hard,stint_2
SAI,Red Bull Ring,Austrian Grand Prix,1031,7,1:11.454,71454,31,,2379415,hard,stint_2
SAI,Red Bull Ring,Austrian Grand Prix,1031,7,1:10.021,70021,32,,2450869,hard,stint_2
SAI,Red Bull Ring,Austrian Grand Prix,1031,7,1:09.718,69718,33,,2520890,hard,stint_2
SAI,Red Bull Ring,Austrian Grand Prix,1031,7,1:09.320,69320,34,,2590608,hard,stint_2
SAI,Red Bull Ring,Austrian Grand Prix,1031,7,1:09.328,69328,35,,2659928,hard,stint_2
SAI,Red Bull Ring,Austrian Grand Prix,1031,7,1:09.685,69685,36,,2729256,hard,stint_2
SAI,Red Bull Ring,Austrian Grand Prix,1031,7,1:09.246,69246,37,,2798941,hard,stint_2
SAI,Red Bull Ring,Austrian Grand Prix,1031,7,1:09.365,69365,38,,2868187,hard,stint_2
SAI,Red Bull Ring,Austrian Grand Prix,1031,7,1:09.427,69427,39,,2937552,hard,stint_2
SAI,Red Bull Ring,Austrian Grand Prix,1031,7,1:09.460,69460,40,,3006979,hard,stint_2
SAI,Red Bull Ring,Austrian Grand Prix,1031,7,1:09.105,69105,41,,3076439,hard,stint_2
SAI,Red Bull Ring,Austrian Grand Prix,1031,7,1:09.457,69457,42,,3145544,hard,stint_2
SAI,Red Bull Ring,Austrian Grand Prix,1031,7,1:09.329,69329,43,,3215001,hard,stint_2
SAI,Red Bull Ring,Austrian Grand Prix,1031,7,1:09.243,69243,44,,3284330,hard,stint_2
SAI,Red Bull Ring,Austrian Grand Prix,1031,7,1:09.374,69374,45,,3353573,hard,stint_2
SAI,Red Bull Ring,Austrian Grand Prix,1031,7,1:09.220,69220,46,,3422947,hard,stint_2
SAI,Red Bull Ring,Austrian Grand Prix,1031,7,1:09.089,69089,47,,3492167,hard,stint_2
SAI,Red Bull Ring,Austrian Grand Prix,1031,7,1:08.928,68928,48,,3561256,hard,stint_2
SAI,Red Bull Ring,Austrian Grand Prix,1031,7,1:08.974,68974,49,,3630184,hard,stint_2
SAI,Red Bull Ring,Austrian Grand Prix,1031,7,1:09.232,69232,50,,3699158,hard,stint_2
SAI,Red Bull Ring,Austrian Grand Prix,1031,7,1:24.968,84968,51,,3768390,hard,stint_2
SAI,Red Bull Ring,Austrian Grand Prix,1031,5,1:35.696,95696,52,2,3853358,medium,stint_3
SAI,Red Bull Ring,Austrian Grand Prix,1031,9,1:57.478,117478,53,,4044750,medium,stint_3
SAI,Red Bull Ring,Austrian Grand Prix,1031,9,1:32.324,92324,54,,4162228,medium,stint_3
SAI,Red Bull Ring,Austrian Grand Prix,1031,8,1:41.084,101084,55,,4254552,medium,stint_3
SAI,Red Bull Ring,Austrian Grand Prix,1031,8,1:56.046,116046,56,3,4355636,medium,stint_3
SAI,Red Bull Ring,Austrian Grand Prix,1031,8,1:54.877,114877,57,,4587728,medium,stint_3
SAI,Red Bull Ring,Austrian Grand Prix,1031,8,1:50.839,110839,58,,4702605,medium,stint_3
SAI,Red Bull Ring,Austrian Grand Prix,1031,8,1:43.568,103568,59,,4813444,medium,stint_3
SAI,Red Bull Ring,Austrian Grand Prix,1031,9,1:32.073,92073,60,,4917012,medium,stint_3
SAI,Red Bull Ring,Austrian Grand Prix,1031,7,1:10.526,70526,61,,5009085,medium,stint_3
SAI,Red Bull Ring,Austrian Grand Prix,1031,6,1:08.576,68576,62,,5079611,medium,stint_3
SAI,Red Bull Ring,Austrian Grand Prix,1031,6,1:07.974,67974,63,,5148187,medium,stint_3
SAI,Red Bull Ring,Austrian Grand Prix,1031,6,1:08.497,68497,64,,5216161,medium,stint_3
SAI,Red Bull Ring,Austrian Grand Prix,1031,6,1:08.446,68446,65,,5284658,medium,stint_3
SAI,Red Bull Ring,Austrian Grand Prix,1031,6,1:09.339,69339,66,,5353104,medium,stint_3
SAI,Red Bull Ring,Austrian Grand Prix,1031,6,1:08.917,68917,67,,5422443,medium,stint_3
SAI,Red Bull Ring,Austrian Grand Prix,1031,6,1:08.712,68712,68,,5491360,medium,stint_3
SAI,Red Bull Ring,Austrian Grand Prix,1031,6,1:09.155,69155,69,,5560072,medium,stint_3
SAI,Red Bull Ring,Austrian Grand Prix,1031,6,1:09.028,69028,70,,5629227,medium,stint_3
SAI,Red Bull Ring,Austrian Grand Prix,1031,5,1:08.308,68308,71,,5698255,medium,stint_3
STR,Red Bull Ring,Austrian Grand Prix,1031,9,1:17.583,77583,1,,0,soft,stint_1
STR,Red Bull Ring,Austrian Grand Prix,1031,9,1:12.184,72184,2,,77583,soft,stint_1
STR,Red Bull Ring,Austrian Grand Prix,1031,9,1:10.570,70570,3,,149767,soft,stint_1
STR,Red Bull Ring,Austrian Grand Prix,1031,9,1:10.326,70326,4,,220337,soft,stint_1
STR,Red Bull Ring,Austrian Grand Prix,1031,9,1:10.333,70333,5,,290663,soft,stint_1
STR,Red Bull Ring,Austrian Grand Prix,1031,9,1:10.508,70508,6,,360996,soft,stint_1
STR,Red Bull Ring,Austrian Grand Prix,1031,9,1:10.845,70845,7,,431504,soft,stint_1
STR,Red Bull Ring,Austrian Grand Prix,1031,9,1:10.655,70655,8,,502349,soft,stint_1
STR,Red Bull Ring,Austrian Grand Prix,1031,9,1:10.847,70847,9,,573004,soft,stint_1
STR,Red Bull Ring,Austrian Grand Prix,1031,9,1:11.253,71253,10,,643851,soft,stint_1
STR,Red Bull Ring,Austrian Grand Prix,1031,8,1:11.495,71495,11,,715104,soft,stint_1
STR,Red Bull Ring,Austrian Grand Prix,1031,8,1:11.412,71412,12,,786599,soft,stint_1
STR,Red Bull Ring,Austrian Grand Prix,1031,8,1:11.006,71006,13,,858011,soft,stint_1
STR,Red Bull Ring,Austrian Grand Prix,1031,8,1:10.629,70629,14,,929017,soft,stint_1
STR,Red Bull Ring,Austrian Grand Prix,1031,8,1:10.734,70734,15,,999646,soft,stint_1
STR,Red Bull Ring,Austrian Grand Prix,1031,8,1:10.611,70611,16,,1070380,soft,stint_1
STR,Red Bull Ring,Austrian Grand Prix,1031,8,1:11.431,71431,17,,1140991,soft,stint_1
STR,Red Bull Ring,Austrian Grand Prix,1031,9,1:14.041,74041,18,,1212422,soft,stint_1
STR,Red Bull Ring,Austrian Grand Prix,1031,10,1:15.253,75253,19,,1286463,soft,stint_1
STR,Red Bull Ring,Austrian Grand Prix,1031,14,1:19.510,79510,20,,1361716,soft,stint_1
VER,Red Bull Ring,Austrian Grand Prix,1031,2,1:13.501,73501,1,,0,medium,stint_1
VER,Red Bull Ring,Austrian Grand Prix,1031,2,1:09.859,69859,2,,73501,medium,stint_1
VER,Red Bull Ring,Austrian Grand Prix,1031,2,1:09.380,69380,3,,143360,medium,stint_1
VER,Red Bull Ring,Austrian Grand Prix,1031,2,1:09.428,69428,4,,212740,medium,stint_1
VER,Red Bull Ring,Austrian Grand Prix,1031,2,1:09.351,69351,5,,282168,medium,stint_1
VER,Red Bull Ring,Austrian Grand Prix,1031,2,1:09.469,69469,6,,351519,medium,stint_1
VER,Red Bull Ring,Austrian Grand Prix,1031,2,1:09.577,69577,7,,420988,medium,stint_1
VER,Red Bull Ring,Austrian Grand Prix,1031,2,1:09.538,69538,8,,490565,medium,stint_1
VER,Red Bull Ring,Austrian Grand Prix,1031,2,1:09.459,69459,9,,560103,medium,stint_1
VER,Red Bull Ring,Austrian Grand Prix,1031,2,1:09.451,69451,10,,629562,medium,stint_1
VER,Red Bull Ring,Austrian Grand Prix,1031,20,2:18.665,138665,11,,699013,medium,stint_1
VET,Red Bull Ring,Austrian Grand Prix,1031,10,1:18.362,78362,1,,0,medium,stint_1
VET,Red Bull Ring,Austrian Grand Prix,1031,10,1:12.072,72072,2,,78362,medium,stint_1
VET,Red Bull Ring,Austrian Grand Prix,1031,10,1:10.670,70670,3,,150434,medium,stint_1
VET,Red Bull Ring,Austrian Grand Prix,1031,10,1:10.483,70483,4,,221104,medium,stint_1
VET,Red Bull Ring,Austrian Grand Prix,1031,10,1:10.422,70422,5,,291587,medium,stint_1
VET,Red Bull Ring,Austrian Grand Prix,1031,10,1:10.594,70594,6,,362009,medium,stint_1
VET,Red Bull Ring,Austrian Grand Prix,1031,10,1:10.841,70841,7,,432603,medium,stint_1
VET,Red Bull Ring,Austrian Grand Prix,1031,10,1:10.716,70716,8,,503444,medium,stint_1
VET,Red Bull Ring,Austrian Grand Prix,1031,10,1:11.613,71613,9,,574160,medium,stint_1
VET,Red Bull Ring,Austrian Grand Prix,1031,10,1:11.011,71011,10,,645773,medium,stint_1
VET,Red Bull Ring,Austrian Grand Prix,1031,9,1:11.103,71103,11,,716784,medium,stint_1
VET,Red Bull Ring,Austrian Grand Prix,1031,9,1:11.043,71043,12,,787887,medium,stint_1
VET,Red Bull Ring,Austrian Grand Prix,1031,9,1:11.084,71084,13,,858930,medium,stint_1
VET,Red Bull Ring,Austrian Grand Prix,1031,9,1:10.649,70649,14,,930014,medium,stint_1
VET,Red Bull Ring,Austrian Grand Prix,1031,9,1:10.823,70823,15,,1000663,medium,stint_1
VET,Red Bull Ring,Austrian Grand Prix,1031,9,1:10.650,70650,16,,1071486,medium,stint_1
VET,Red Bull Ring,Austrian Grand Prix,1031,9,1:10.994,70994,17,,1142136,medium,stint_1
VET,Red Bull Ring,Austrian Grand Prix,1031,8,1:10.617,70617,18,,1213130,medium,stint_1
VET,Red Bull Ring,Austrian Grand Prix,1031,8,1:10.604,70604,19,,1283747,medium,stint_1
VET,Red Bull Ring,Austrian Grand Prix,1031,8,1:10.332,70332,20,,1354351,medium,stint_1
VET,Red Bull Ring,Austrian Grand Prix,1031,8,1:10.455,70455,21,,1424683,medium,stint_1
VET,Red Bull Ring,Austrian Grand Prix,1031,8,1:10.529,70529,22,,1495138,medium,stint_1
VET,Red Bull Ring,Austrian Grand Prix,1031,8,1:10.644,70644,23,,1565667,medium,stint_1
VET,Red Bull Ring,Austrian Grand Prix,1031,8,1:10.653,70653,24,,1636311,medium,stint_1
VET,Red Bull Ring,Austrian Grand Prix,1031,8,1:10.778,70778,25,,1706964,medium,stint_1
VET,Red Bull Ring,Austrian Grand Prix,1031,8,1:33.851,93851,26,1,1777742,hard,stint_2
VET,Red Bull Ring,Austrian Grand Prix,1031,8,1:50.020,110020,27,,1965444,hard,stint_2
VET,Red Bull Ring,Austrian Grand Prix,1031,8,1:27.415,87415,28,,2075464,hard,stint_2
VET,Red Bull Ring,Austrian Grand Prix,1031,8,1:53.981,113981,29,,2162879,hard,stint_2
VET,Red Bull Ring,Austrian Grand Prix,1031,8,1:46.730,106730,30,,2276860,hard,stint_2
VET,Red Bull Ring,Austrian Grand Prix,1031,15,1:20.761,80761,31,,2383590,hard,stint_2
VET,Red Bull Ring,Austrian Grand Prix,1031,15,1:10.065,70065,32,,2464351,hard,stint_2
VET,Red Bull Ring,Austrian Grand Prix,1031,15,1:10.032,70032,33,,2534416,hard,stint_2
VET,Red Bull Ring,Austrian Grand Prix,1031,15,1:09.590,69590,34,,2604448,hard,stint_2
VET,Red Bull Ring,Austrian Grand Prix,1031,15,1:10.785,70785,35,,2674038,hard,stint_2
VET,Red Bull Ring,Austrian Grand Prix,1031,14,1:10.077,70077,36,,2744823,hard,stint_2
VET,Red Bull Ring,Austrian Grand Prix,1031,14,1:09.508,69508,37,,2814900,hard,stint_2
VET,Red Bull Ring,Austrian Grand Prix,1031,14,1:09.775,69775,38,,2884408,hard,stint_2
VET,Red Bull Ring,Austrian Grand Prix,1031,14,1:09.469,69469,39,,2954183,hard,stint_2
VET,Red Bull Ring,Austrian Grand Prix,1031,14,1:09.812,69812,40,,3023652,hard,stint_2
VET,Red Bull Ring,Austrian Grand Prix,1031,14,1:09.743,69743,41,,3093464,hard,stint_2
VET,Red Bull Ring,Austrian Grand Prix,1031,14,1:09.863,69863,42,,3163207,hard,stint_2
VET,Red Bull Ring,Austrian Grand Prix,1031,14,1:10.043,70043,43,,3233070,hard,stint_2
VET,Red Bull Ring,Austrian Grand Prix,1031,14,1:10.485,70485,44,,3303113,hard,stint_2
VET,Red Bull Ring,Austrian Grand Prix,1031,14,1:10.875,70875,45,,3373598,hard,stint_2
VET,Red Bull Ring,Austrian Grand Prix,1031,14,1:10.049,70049,46,,3444473,hard,stint_2
VET,Red Bull Ring,Austrian Grand Prix,1031,14,1:09.669,69669,47,,3514522,hard,stint_2
VET,Red Bull Ring,Austrian Grand Prix,1031,14,1:09.576,69576,48,,3584191,hard,stint_2
VET,Red Bull Ring,Austrian Grand Prix,1031,14,1:09.446,69446,49,,3653767,hard,stint_2
VET,Red Bull Ring,Austrian Grand Prix,1031,13,1:09.755,69755,50,,3723213,hard,stint_2
VET,Red Bull Ring,Austrian Grand Prix,1031,13,1:32.503,92503,51,2,3792968,soft,stint_3
VET,Red Bull Ring,Austrian Grand Prix,1031,13,1:50.124,110124,52,,3977974,soft,stint_3
VET,Red Bull Ring,Austrian Grand Prix,1031,13,1:20.445,80445,53,,4088098,soft,stint_3
VET,Red Bull Ring,Austrian Grand Prix,1031,12,1:28.931,88931,54,,4168543,soft,stint_3
VET,Red Bull Ring,Austrian Grand Prix,1031,12,1:42.023,102023,55,,4257474,soft,stint_3
VET,Red Bull Ring,Austrian Grand Prix,1031,11,1:57.835,117835,56,3,4359497,soft,stint_3
VET,Red Bull Ring,Austrian Grand Prix,1031,11,1:52.817,112817,57,,4595167,soft,stint_3
VET,Red Bull Ring,Austrian Grand Prix,1031,11,1:50.336,110336,58,,4707984,soft,stint_3
VET,Red Bull Ring,Austrian Grand Prix,1031,11,1:44.460,104460,59,,4818320,soft,stint_3
VET,Red Bull Ring,Austrian Grand Prix,1031,11,1:29.292,89292,60,,4922780,soft,stint_3
VET,Red Bull Ring,Austrian Grand Prix,1031,10,1:11.743,71743,61,,5012072,soft,stint_3
VET,Red Bull Ring,Austrian Grand Prix,1031,10,1:10.433,70433,62,,5083815,soft,stint_3
VET,Red Bull Ring,Austrian Grand Prix,1031,11,1:10.387,70387,63,,5154248,soft,stint_3
VET,Red Bull Ring,Austrian Grand Prix,1031,11,1:10.415,70415,64,,5224635,soft,stint_3
VET,Red Bull Ring,Austrian Grand Prix,1031,11,1:10.623,70623,65,,5295050,soft,stint_3
VET,Red Bull Ring,Austrian Grand Prix,1031,11,1:10.755,70755,66,,5365673,soft,stint_3
VET,Red Bull Ring,Austrian Grand Prix,1031,12,1:11.236,71236,67,,5436428,soft,stint_3
VET,Red Bull Ring,Austrian Grand Prix,1031,11,1:10.004,70004,68,,5507664,soft,stint_3
VET,Red Bull Ring,Austrian Grand Prix,1031,10,1:09.453,69453,69,,5577668,soft,stint_3
VET,Red Bull Ring,Austrian Grand Prix,1031,10,1:08.729,68729,70,,5647121,soft,stint_3
VET,Red Bull Ring,Austrian Grand Prix,1031,10,1:08.623,68623,71,,5715850,soft,stint_3
